gene_id	sample_01	sample_02	sample_03	sample_04	sample_05	sample_06	sample_07	sample_08	sample_09	sample_10	sample_11	sample_12	sample_13	sample_14	sample_15	sample_16	sample_17	sample_18
gene_0001	119	122	93	89	89	175	23	20	28	25	43	38	133	106	88	138	105	140
gene_0002	165	128	125	165	156	270	594	709	654	513	789	543	155	136	161	179	120	171
gene_0003	279	250	255	295	218	290	51	61	57	41	85	115	260	322	206	295	264	303
gene_0004	118	124	124	133	155	164	473	612	421	543	640	762	171	120	124	146	98	143
gene_0005	474	592	487	540	536	769	117	114	86	103	124	184	672	669	481	481	417	615
gene_0006	656	399	819	704	557	882	1751	2190	1819	1727	2779	2384	619	592	548	750	685	874
gene_0007	339	300	371	286	283	402	50	52	40	67	101	89	248	310	303	328	202	299
gene_0008	363	319	315	287	343	523	1794	1658	1219	1480	1679	2419	464	311	246	465	257	368
gene_0009	235	205	179	212	153	290	37	75	43	37	62	58	220	290	164	211	157	229
gene_0010	426	289	331	373	350	395	1306	1822	1231	1088	1893	2341	322	414	274	520	309	366
gene_0011	335	244	306	228	330	372	75	60	71	71	88	86	260	344	269	319	338	364
gene_0012	236	234	363	287	239	329	895	1363	795	961	1245	1177	259	308	245	311	248	235
gene_0013	149	140	198	158	135	219	25	28	29	43	48	52	199	138	117	206	177	164
gene_0014	934	645	667	742	610	1043	2623	3013	2079	2629	4302	3985	999	983	759	968	665	828
gene_0015	408	420	235	399	279	607	94	146	76	74	143	117	346	424	286	623	303	440
gene_0016	258	216	170	193	176	295	659	794	948	605	757	975	192	175	217	222	156	288
gene_0017	671	504	445	615	534	717	127	190	88	131	231	245	646	717	649	776	808	616
gene_0018	319	275	318	223	208	391	1110	1092	1002	965	1568	1256	316	417	207	374	224	208
gene_0019	182	107	115	133	107	197	33	25	34	29	28	35	133	170	125	149	176	161
gene_0020	778	629	731	588	446	697	2152	2706	2822	2408	2907	3736	626	791	618	949	605	657
gene_0021	595	659	782	652	882	806	184	168	110	149	236	237	869	834	742	869	660	943
gene_0022	238	189	175	208	211	297	871	750	593	629	1001	1016	214	235	243	170	199	198
gene_0023	491	465	476	498	551	669	141	179	125	186	158	153	492	635	546	616	451	660
gene_0024	112	112	95	68	84	146	278	407	243	276	490	446	96	106	112	146	83	103
gene_0025	657	601	927	671	607	1208	130	183	136	154	216	224	708	734	639	1068	487	538
gene_0026	137	172	141	172	163	205	514	639	459	622	875	870	160	123	151	182	135	161
gene_0027	498	506	454	324	253	615	63	119	60	95	115	145	338	424	368	606	333	364
gene_0028	686	558	658	481	617	541	2196	2396	2677	1590	2862	2774	488	638	446	702	514	396
gene_0029	198	167	205	162	126	185	58	43	39	44	53	48	184	199	147	147	93	161
gene_0030	197	213	245	210	155	301	800	893	782	709	1449	976	309	266	229	283	183	295
gene_0031	119	95	89	76	65	123	22	16	17	25	27	20	96	93	91	97	87	113
gene_0032	329	177	225	257	321	401	1167	1303	908	1023	1415	1652	271	324	273	376	293	292
gene_0033	668	516	443	556	653	745	134	115	115	158	189	145	674	505	610	550	570	755
gene_0034	134	144	184	117	126	149	434	680	409	546	667	795	142	78	148	137	151	157
gene_0035	128	89	109	77	110	73	18	24	23	13	26	24	70	78	109	103	86	128
gene_0036	101	72	114	62	100	94	303	501	317	370	560	410	92	153	114	115	89	108
gene_0037	140	141	153	128	113	199	31	57	39	21	33	53	176	155	123	180	134	189
gene_0038	198	241	191	220	142	198	608	681	600	764	877	1184	199	196	199	259	129	211
gene_0039	273	317	309	203	195	383	79	78	57	50	73	97	304	337	235	390	217	268
gene_0040	322	222	284	235	265	437	758	1232	966	838	1422	1244	276	331	251	329	348	317
gene_0041	235	212	266	255	245	363	58	76	59	42	66	111	307	259	252	269	201	199
gene_0042	79	75	89	84	72	100	375	331	237	291	415	412	100	95	63	133	93	106
gene_0043	359	407	457	564	410	684	105	151	96	117	160	140	681	544	519	665	445	477
gene_0044	761	699	641	716	647	990	3739	2532	2164	2114	3827	3060	769	683	565	534	648	718
gene_0045	90	93	123	78	79	126	13	19	12	11	21	29	141	85	106	123	84	95
gene_0046	158	205	228	199	146	204	646	823	583	628	784	1095	204	186	196	150	173	230
gene_0047	221	233	271	183	227	419	54	75	46	44	55	57	300	389	312	370	197	198
gene_0048	230	356	287	348	275	530	1098	2020	784	1398	1815	1470	420	271	316	466	265	373
gene_0049	357	309	316	214	304	457	74	90	74	58	49	84	311	307	331	408	242	340
gene_0050	521	488	591	301	445	761	1446	2670	1692	1515	2809	2951	518	598	535	587	475	574
gene_0051	106	85	95	82	85	168	22	19	22	30	28	45	81	107	79	119	78	85
gene_0052	73	90	89	87	53	113	307	386	279	275	388	502	75	66	55	114	89	80
gene_0053	76	77	88	63	74	116	11	26	10	20	23	34	63	133	77	103	71	68
gene_0054	108	105	123	94	68	145	329	364	315	424	636	621	108	117	126	163	101	129
gene_0055	275	256	302	289	328	468	56	98	44	81	120	109	385	358	359	380	197	324
gene_0056	259	327	289	198	239	322	1137	1347	834	726	1147	1386	272	306	284	264	227	217
gene_0057	235	218	283	256	238	430	63	80	39	89	106	84	308	332	258	435	268	394
gene_0058	95	107	115	130	75	100	329	409	388	365	525	592	106	126	74	124	91	102
gene_0059	632	601	699	474	571	835	155	201	120	137	238	191	598	479	728	882	418	645
gene_0060	136	92	97	66	98	126	300	425	332	316	422	402	94	90	100	111	103	71
gene_0061	286	253	211	191	252	220	42	57	32	48	78	102	193	208	225	271	182	247
gene_0062	499	424	295	372	342	541	1289	1902	1041	1228	1811	2350	342	435	356	553	266	494
gene_0063	284	345	570	409	377	489	79	107	61	76	114	136	416	468	339	482	432	395
gene_0064	105	90	148	154	89	163	491	547	411	309	648	608	185	177	104	147	103	119
gene_0065	195	187	223	143	186	283	27	39	45	33	67	45	203	203	144	291	167	220
gene_0066	86	82	95	128	67	104	329	450	206	251	458	354	92	108	119	87	76	113
gene_0067	315	284	229	227	197	358	41	59	43	68	92	77	224	290	200	383	172	258
gene_0068	572	672	599	502	404	667	1960	2312	1433	1849	2528	3427	537	741	464	598	621	649
gene_0069	139	194	271	208	146	269	43	53	45	33	66	54	183	202	133	234	166	200
gene_0070	69	81	92	83	55	129	402	408	287	328	400	483	100	108	70	109	59	124
gene_0071	585	462	624	495	496	670	127	147	104	178	280	166	643	636	378	783	432	935
gene_0072	149	125	136	136	112	222	422	777	652	536	755	798	159	153	125	200	122	184
gene_0073	291	278	479	246	289	362	88	89	57	74	139	108	226	293	384	363	221	366
gene_0074	170	142	137	133	92	211	575	611	517	535	825	1079	210	153	127	201	111	181
gene_0075	229	199	235	213	191	300	31	66	38	53	67	63	257	214	179	278	210	160
gene_0076	117	100	125	112	110	141	443	541	399	345	529	670	136	116	165	223	128	139
gene_0077	461	612	448	431	408	805	91	150	109	126	131	201	682	554	449	810	314	611
gene_0078	229	159	150	194	170	256	503	668	541	671	623	1019	168	194	174	215	195	141
gene_0079	178	117	120	105	150	240	28	28	17	22	43	61	180	149	128	163	160	233
gene_0080	203	144	213	175	161	225	539	723	446	592	1048	808	153	169	196	160	173	121
gene_0081	125	177	160	138	154	142	30	20	22	25	33	35	88	148	134	112	81	120
gene_0082	139	118	90	135	96	165	392	463	408	358	432	496	112	173	98	130	119	155
gene_0083	939	813	834	746	842	955	119	276	137	190	301	194	928	900	887	777	609	670
gene_0084	211	170	201	177	211	298	606	907	512	767	838	1176	187	206	156	302	210	202
gene_0085	525	570	461	495	426	669	68	120	87	88	161	191	496	570	559	595	449	517
gene_0086	387	310	346	331	188	316	1166	1331	1009	1028	1967	1642	263	310	308	504	244	402
gene_0087	265	211	250	244	233	347	50	67	47	62	68	91	177	197	197	345	210	290
gene_0088	565	750	555	673	420	773	2280	2502	2341	2173	2765	3412	584	755	583	827	510	745
gene_0089	543	434	409	417	380	631	97	102	102	90	158	142	472	434	433	621	370	536
gene_0090	639	620	739	474	601	784	1945	2158	2454	2245	2606	2706	720	611	783	892	630	678
gene_0091	174	266	229	200	182	240	57	75	32	59	71	82	230	264	150	248	161	234
gene_0092	577	411	618	417	304	992	1602	3169	2258	1250	2263	3280	522	609	478	662	414	478
gene_0093	213	200	267	271	183	206	72	70	42	61	90	73	279	248	299	278	316	295
gene_0094	631	655	904	583	745	1056	2182	3261	2361	3480	2653	3735	588	651	768	1046	677	588
gene_0095	640	508	792	523	568	854	162	163	107	153	295	234	568	610	592	947	644	834
gene_0096	525	411	572	516	364	431	1411	2117	1766	1835	2205	2289	503	577	414	634	421	492
gene_0097	110	130	138	140	121	144	21	36	33	30	49	52	127	118	141	180	111	138
gene_0098	450	292	274	305	366	540	1495	1732	1286	1468	2002	1777	399	497	392	506	334	441
gene_0099	155	323	265	204	264	285	54	45	37	47	57	72	197	246	218	276	200	210
gene_0100	120	149	176	122	100	243	483	666	518	656	582	665	151	136	149	207	166	158
gene_0101	614	676	782	451	503	657	121	174	99	135	172	169	595	587	574	593	488	535
gene_0102	392	353	525	353	455	589	2339	1941	1334	1825	1989	2486	427	567	517	527	421	503
gene_0103	131	142	131	143	114	181	21	50	26	29	40	56	102	148	130	183	120	154
gene_0104	751	870	805	884	565	1105	2837	3177	2427	2387	4023	4198	725	1050	727	784	619	833
gene_0105	604	531	676	493	499	818	102	177	137	128	196	148	511	509	406	711	636	599
gene_0106	104	114	102	122	97	154	404	477	404	416	734	692	129	125	125	149	84	110
gene_0107	535	532	340	555	446	695	91	103	76	104	144	158	431	526	414	517	335	561
gene_0108	124	137	175	141	147	178	786	784	526	510	876	917	176	167	207	197	192	191
gene_0109	435	522	589	527	479	658	106	121	92	112	109	188	489	514	523	294	343	500
gene_0110	134	104	86	135	123	198	320	527	303	446	614	549	148	124	118	183	104	118
gene_0111	170	123	129	158	155	210	35	45	39	40	53	50	212	167	140	156	98	158
gene_0112	326	381	338	221	237	441	1176	1249	1058	1013	1458	1269	426	277	271	329	259	349
gene_0113	191	201	401	185	157	219	73	51	36	52	79	61	203	260	187	307	221	210
gene_0114	130	149	124	122	111	243	446	858	578	622	756	553	171	96	120	180	131	147
gene_0115	150	206	176	194	150	276	35	40	51	29	76	68	182	168	249	261	173	162
gene_0116	239	281	298	225	210	260	922	1326	511	752	958	1342	190	237	212	299	196	266
gene_0117	347	268	390	309	262	388	75	52	59	74	107	66	268	313	398	508	253	382
gene_0118	299	189	267	231	220	315	967	1334	643	720	1269	1416	224	268	235	295	196	268
gene_0119	655	519	633	728	430	598	136	117	134	121	163	169	644	620	450	776	373	730
gene_0120	571	485	602	423	559	605	1991	1772	1677	1998	2073	3120	536	501	397	648	326	651
gene_0121	667	485	651	428	474	651	111	133	86	113	202	183	524	680	449	585	389	692
gene_0122	575	572	801	782	550	901	3219	3740	2230	2943	3530	3658	820	778	709	923	537	535
gene_0123	103	130	115	85	98	114	22	23	20	23	30	17	81	115	113	169	74	92
gene_0124	87	85	96	84	62	122	189	297	341	299	471	376	103	73	88	113	48	83
gene_0125	115	99	124	116	89	168	21	42	20	25	31	39	108	156	114	135	111	148
gene_0126	376	373	359	468	431	616	1539	1204	1135	1339	1618	2243	445	416	346	328	367	245
gene_0127	436	389	421	298	355	454	91	94	80	81	159	140	395	573	316	530	437	492
gene_0128	594	574	538	638	447	721	1648	2093	1886	1733	2632	2412	645	471	498	564	436	471
gene_0129	297	188	294	294	320	309	64	93	51	71	63	95	274	289	294	238	210	262
gene_0130	241	237	191	180	220	352	778	703	880	910	1373	1149	289	257	201	234	289	254
gene_0131	710	585	611	634	525	800	193	198	123	184	272	318	399	705	393	664	515	555
gene_0132	623	449	506	272	336	523	1554	1462	1161	1767	2185	1773	409	461	260	518	393	435
gene_0133	581	507	461	494	330	694	105	101	64	82	129	109	440	659	380	486	401	535
gene_0134	422	450	461	531	361	428	1638	2487	1909	1352	2349	2649	491	511	373	504	440	485
gene_0135	94	93	87	85	95	112	31	20	19	19	29	24	88	84	101	122	72	98
gene_0136	193	184	261	256	238	412	1289	1458	797	958	1273	1338	230	312	195	253	224	200
gene_0137	512	421	474	267	262	458	101	121	111	65	132	123	315	508	418	501	378	420
gene_0138	108	78	71	82	87	115	275	315	362	353	434	436	79	77	114	88	73	111
gene_0139	442	499	311	505	349	461	100	103	72	62	147	171	478	412	341	486	325	431
gene_0140	91	78	108	73	78	90	317	302	360	278	482	472	74	113	114	111	70	94
gene_0141	47	100	99	78	103	108	18	17	20	13	32	36	113	111	74	128	91	117
gene_0142	113	127	101	101	93	125	432	514	332	534	716	577	136	153	98	117	91	131
gene_0143	475	459	476	511	395	700	113	129	67	97	139	158	505	637	417	619	233	615
gene_0144	322	278	351	338	239	388	856	1148	937	1123	1580	1460	230	273	283	354	343	361
gene_0145	88	73	129	80	68	102	20	21	18	29	45	31	101	141	63	134	80	72
gene_0146	524	319	393	291	383	649	1264	1416	1484	1387	1533	1902	301	605	412	492	466	377
gene_0147	150	219	215	156	161	285	28	47	53	26	67	59	154	194	125	137	161	145
gene_0148	245	246	272	221	200	318	960	810	747	693	1317	1282	356	312	231	363	167	311
gene_0149	106	100	89	89	83	111	20	26	28	17	29	46	118	136	122	114	87	92
gene_0150	110	65	77	87	92	139	403	423	306	269	486	576	96	96	97	105	50	127
gene_0151	154	136	170	175	162	207	63	39	37	37	54	55	161	215	146	227	157	154
gene_0152	369	299	332	274	294	335	1042	1202	916	823	1433	1216	260	362	247	387	169	243
gene_0153	142	142	127	103	72	204	34	32	22	20	43	45	104	142	111	197	79	177
gene_0154	267	235	351	226	160	322	1234	1151	810	1143	1142	1349	196	317	241	367	235	223
gene_0155	219	147	165	148	140	206	43	51	42	21	58	76	168	205	169	271	131	228
gene_0156	427	338	463	284	534	545	1543	2238	1651	891	2020	2563	431	473	497	558	412	376
gene_0157	78	81	70	51	76	116	22	27	17	16	26	29	103	92	68	123	77	84
gene_0158	90	54	74	84	58	110	309	343	195	293	449	411	76	108	53	86	53	61
gene_0159	269	306	402	269	284	381	68	79	51	58	89	114	381	348	335	436	235	332
gene_0160	869	585	576	570	679	854	2318	2335	2587	2017	4163	2719	681	616	570	730	531	598
gene_0161	501	389	445	373	363	371	91	111	78	119	127	125	435	443	312	429	443	424
gene_0162	93	99	74	61	67	93	257	296	341	308	579	398	86	75	100	139	73	97
gene_0163	205	187	139	71	113	230	41	40	26	32	32	43	142	108	134	122	110	103
gene_0164	595	752	671	708	688	890	2423	2586	1685	2302	3482	3798	542	745	549	856	776	478
gene_0165	142	138	133	100	117	132	38	31	15	10	29	32	174	105	100	161	135	141
gene_0166	95	112	62	84	96	104	362	320	294	308	385	364	82	76	55	111	51	103
gene_0167	699	663	881	607	651	801	151	153	110	184	223	219	803	678	669	1063	509	684
gene_0168	89	61	70	84	72	105	341	460	325	366	403	405	84	101	100	129	85	91
gene_0169	101	144	116	125	128	151	20	28	19	18	30	39	100	142	123	117	98	127
gene_0170	94	102	91	66	61	150	298	602	255	351	652	370	107	103	91	105	74	108
gene_0171	487	346	387	403	285	626	92	144	53	59	133	130	343	457	525	518	498	368
gene_0172	587	601	563	454	699	875	1887	2579	1223	1660	2839	2272	669	796	514	827	411	591
gene_0173	170	155	130	108	153	223	21	49	34	29	35	38	216	171	157	153	161	137
gene_0174	123	117	162	109	112	119	411	434	332	501	521	608	107	111	131	175	65	122
gene_0175	197	131	163	121	99	183	42	40	39	29	55	55	135	241	163	185	191	164
gene_0176	333	303	291	366	304	355	892	1133	1157	1204	1391	1397	418	378	296	358	251	564
gene_0177	180	138	146	142	139	205	25	32	33	34	48	45	89	153	141	171	142	153
gene_0178	762	577	663	616	587	883	2119	2901	1700	2423	3019	2636	692	679	636	837	454	729
gene_0179	271	263	277	225	219	343	43	76	49	38	75	82	282	218	230	341	174	247
gene_0180	589	415	445	435	448	608	1869	2144	1346	1379	2121	2089	472	565	415	664	438	436
gene_0181	355	302	191	160	240	330	61	61	64	38	61	81	242	297	238	261	151	262
gene_0182	846	611	796	568	681	745	1814	3110	1612	1447	3363	3473	447	864	776	713	517	655
gene_0183	422	319	529	410	385	477	72	112	77	48	143	134	322	462	403	427	392	459
gene_0184	234	195	188	254	194	317	518	1053	643	829	1514	1696	238	282	261	169	188	226
gene_0185	803	568	691	735	528	909	128	172	164	163	179	220	667	756	583	1045	779	860
gene_0186	603	284	666	393	408	594	1917	2243	1308	1347	2055	2276	547	527	440	626	341	468
gene_0187	217	281	178	233	196	324	50	60	38	42	79	66	219	189	206	282	221	250
gene_0188	135	146	162	135	84	151	369	632	494	353	725	605	133	161	147	134	125	126
gene_0189	523	725	762	489	471	640	175	149	84	103	207	212	663	538	536	707	577	727
gene_0190	295	282	265	261	267	509	1019	1220	1271	663	948	1389	346	354	364	328	227	347
gene_0191	365	300	290	206	189	399	58	76	72	65	88	80	263	286	188	264	282	282
gene_0192	367	332	333	317	188	390	1159	1951	1206	1293	1764	1810	409	355	324	409	254	387
gene_0193	433	258	421	435	304	517	70	72	52	61	94	139	374	417	383	376	279	426
gene_0194	73	96	68	78	104	107	415	408	270	464	473	659	87	89	103	130	107	89
gene_0195	646	570	465	552	626	649	150	120	106	135	128	190	542	648	497	663	407	559
gene_0196	245	185	173	186	148	263	938	720	575	521	1149	672	297	242	145	229	135	128
gene_0197	189	105	162	135	150	245	29	41	38	46	44	49	182	138	183	203	99	193
gene_0198	380	280	286	252	166	428	1078	1425	959	854	910	1664	258	303	234	364	313	285
gene_0199	100	114	111	61	65	128	38	29	12	19	25	22	100	99	97	87	104	81
gene_0200	97	107	101	69	103	170	396	424	367	314	497	580	128	79	83	148	101	82
gene_0201	182	171	195	148	94	160	32	44	43	39	64	78	152	249	201	153	100	135
gene_0202	225	234	281	169	193	240	994	1132	787	680	1128	1104	187	263	202	299	193	164
gene_0203	356	390	387	355	407	580	106	103	99	90	155	169	344	480	407	668	393	519
gene_0204	106	78	127	79	62	160	294	338	207	259	453	550	92	81	85	118	58	86
gene_0205	272	259	266	212	250	344	69	99	76	75	100	88	336	306	291	390	209	310
gene_0206	617	665	535	652	558	895	2546	2016	2265	2231	2821	2533	532	866	537	781	588	833
gene_0207	216	248	197	183	183	330	47	52	44	36	70	52	201	226	214	256	192	288
gene_0208	420	282	311	345	271	437	1256	1424	842	1032	1619	1471	344	359	334	385	147	328
gene_0209	373	255	346	409	383	489	89	93	96	75	125	97	466	409	331	544	280	400
gene_0210	510	501	587	574	569	662	2444	2557	1858	1691	2400	3117	450	710	618	715	487	589
gene_0211	148	119	173	139	110	162	19	42	28	22	49	48	141	140	132	161	123	172
gene_0212	587	594	819	493	507	625	1826	2453	2177	1374	3044	2981	604	565	581	498	503	556
gene_0213	494	510	700	485	529	844	98	186	133	121	203	157	741	597	603	760	492	595
gene_0214	582	477	446	352	356	541	1217	2504	1382	2424	2238	2284	599	466	445	679	368	594
gene_0215	115	108	107	114	107	135	22	35	22	27	31	51	112	120	103	169	83	87
gene_0216	258	225	258	229	151	245	881	960	697	675	1288	947	209	231	142	259	178	243
gene_0217	247	294	219	275	207	407	51	80	70	55	83	89	252	317	299	291	219	260
gene_0218	169	181	184	100	141	160	771	736	627	759	881	967	166	177	119	215	192	186
gene_0219	464	229	421	325	450	497	88	107	79	120	131	99	346	585	478	470	439	390
gene_0220	614	379	501	569	398	634	2023	2361	1451	1824	3224	2646	573	661	451	510	350	508
gene_0221	533	423	370	415	360	545	113	121	88	78	122	110	450	346	319	575	332	443
gene_0222	83	81	89	62	91	101	363	379	297	324	394	481	87	113	113	137	106	106
gene_0223	557	487	481	407	518	819	163	126	74	115	189	142	563	555	498	596	338	441
gene_0224	349	371	458	279	243	522	1365	1247	869	1018	1404	1936	268	299	376	329	270	303
gene_0225	176	288	238	235	179	338	37	64	51	45	63	78	226	219	159	322	232	207
gene_0226	122	112	98	131	111	118	388	354	399	362	467	629	110	113	123	147	92	110
gene_0227	226	275	183	150	193	254	39	83	46	74	53	62	185	240	266	274	194	192
gene_0228	150	134	150	129	147	182	573	719	410	480	860	792	128	124	158	193	98	172
gene_0229	329	218	280	295	249	409	49	66	73	52	74	88	313	374	289	433	199	314
gene_0230	178	212	214	140	169	177	766	953	635	637	677	1142	220	219	140	257	192	170
gene_0231	648	566	493	415	402	664	124	107	84	79	172	134	442	582	356	575	419	429
gene_0232	331	308	269	225	254	367	831	1401	962	782	1982	1393	276	337	298	306	263	213
gene_0233	411	385	434	362	422	576	108	126	99	99	129	131	359	674	428	556	306	455
gene_0234	215	178	284	191	240	382	946	1090	654	808	1260	1001	256	273	185	210	224	230
gene_0235	169	152	183	151	127	192	39	34	29	32	66	52	136	187	130	142	144	153
gene_0236	440	356	461	529	393	565	1247	1436	1105	1609	2049	2621	437	632	451	443	390	393
gene_0237	63	143	105	65	69	153	16	27	24	28	19	27	95	105	106	106	122	79
gene_0238	209	134	159	129	121	177	395	488	458	397	929	599	95	172	115	165	135	179
gene_0239	405	396	370	376	363	454	74	87	88	106	96	106	379	478	302	475	286	428
gene_0240	932	496	641	837	694	1044	2975	2539	1500	2490	3371	4104	728	755	712	940	757	962
gene_0241	620	697	860	773	760	1071	214	244	147	104	212	213	711	940	580	907	761	749
gene_0242	157	162	107	94	116	158	363	443	440	361	546	598	105	189	107	72	77	113
gene_0243	734	549	825	713	612	753	133	227	128	162	238	216	652	759	684	1103	567	668
gene_0244	137	130	95	75	95	147	397	384	304	299	510	565	92	95	84	101	76	131
gene_0245	723	643	554	749	443	1115	153	132	135	148	204	235	725	722	733	1106	537	715
gene_0246	110	109	150	94	144	152	388	443	368	345	577	627	106	130	134	145	119	128
gene_0247	355	316	383	235	244	458	50	93	65	36	105	105	293	296	220	262	215	300
gene_0248	302	248	281	245	221	249	973	965	1012	793	1511	1090	204	331	254	306	215	176
gene_0249	755	730	530	430	567	874	133	204	96	78	136	208	548	658	683	859	609	828
gene_0250	146	127	126	107	94	128	462	482	392	450	503	620	168	159	115	132	121	141
gene_0251	209	182	176	183	215	192	25	57	27	34	64	24	177	214	175	221	145	196
gene_0252	110	75	122	74	92	112	341	506	400	295	385	431	93	115	82	134	64	83
gene_0253	226	193	145	207	215	312	33	50	29	72	62	74	187	236	194	160	182	256
gene_0254	466	320	365	306	216	564	1008	1574	1087	1402	1553	2111	310	363	371	540	377	499
gene_0255	927	628	770	856	919	969	171	170	144	182	250	292	770	782	478	906	736	866
gene_0256	291	389	316	267	191	385	807	1424	1246	923	1235	1337	339	272	288	328	260	224
gene_0257	622	546	464	549	438	522	85	130	64	106	155	191	598	453	605	555	347	532
gene_0258	119	102	111	110	140	151	535	347	341	363	637	606	115	142	152	138	95	101
gene_0259	165	146	138	209	110	179	12	34	24	25	50	55	120	151	138	182	117	128
gene_0260	406	440	576	336	330	484	1780	1762	1409	1453	2701	2167	444	488	332	366	409	376
gene_0261	475	548	500	328	352	584	82	95	108	83	143	203	435	545	287	481	466	539
gene_0262	275	173	209	209	155	314	763	962	817	794	982	896	225	282	211	229	177	252
gene_0263	72	72	86	72	80	52	25	21	16	15	24	38	67	79	103	101	82	71
gene_0264	720	518	474	425	494	653	1949	1827	1864	1709	2779	2594	553	557	592	927	495	545
gene_0265	263	216	217	181	198	361	42	51	49	53	68	71	216	263	217	302	219	210
gene_0266	405	252	336	288	205	378	797	1251	1133	836	1312	1330	345	323	274	342	215	282
gene_0267	240	260	352	262	220	343	59	90	60	56	79	60	359	408	199	393	182	253
gene_0268	108	108	96	124	116	139	409	557	335	492	441	578	107	180	128	148	114	113
gene_0269	239	170	222	224	257	249	52	66	46	48	63	61	243	258	171	203	215	374
gene_0270	409	237	194	273	301	393	1259	1563	731	1226	1584	2162	422	341	407	405	255	331
gene_0271	97	81	90	119	59	109	24	22	11	23	25	23	100	115	95	131	56	83
gene_0272	238	240	214	243	202	290	798	919	775	542	1014	1195	270	316	295	332	242	260
gene_0273	132	120	133	123	135	171	22	28	31	19	58	42	135	118	134	127	73	111
gene_0274	199	183	239	151	176	274	796	825	706	690	852	922	287	241	171	244	206	257
gene_0275	632	489	493	473	426	650	103	134	111	135	161	178	606	450	614	550	463	733
gene_0276	704	653	559	550	731	972	2700	2770	2466	2317	3764	3093	642	784	629	589	518	664
gene_0277	143	135	122	129	163	306	41	37	24	22	41	45	174	128	105	145	114	120
gene_0278	178	178	154	144	158	237	525	525	439	481	567	730	129	119	126	278	114	144
gene_0279	283	270	209	209	231	323	42	58	33	66	80	77	255	197	240	224	130	189
gene_0280	248	259	304	216	249	365	1074	837	848	874	1151	1473	270	367	239	274	215	230
gene_0281	475	465	529	513	297	661	133	103	100	73	101	196	318	539	350	541	423	440
gene_0282	340	186	312	294	237	398	881	1150	893	807	1171	2101	360	333	258	304	309	288
gene_0283	258	263	173	215	152	365	54	49	49	62	61	82	234	205	205	394	169	296
gene_0284	571	403	438	387	510	566	1579	2130	1824	1552	2377	2019	529	469	522	582	430	639
gene_0285	114	109	140	128	115	131	27	29	31	24	45	29	111	135	147	171	108	125
gene_0286	133	98	118	87	55	115	453	420	239	324	556	566	115	91	124	145	80	96
gene_0287	102	100	119	88	86	145	21	34	31	20	25	33	142	113	78	161	78	87
gene_0288	155	117	110	101	58	127	430	696	380	310	401	607	111	76	104	100	102	113
gene_0289	106	131	124	113	123	149	30	50	28	26	32	39	125	190	91	125	92	131
gene_0290	407	251	300	365	341	588	1268	1497	912	1451	2087	2311	399	372	445	573	382	430
gene_0291	256	227	229	231	293	219	47	63	25	31	77	64	210	330	238	261	186	163
gene_0292	515	355	587	540	461	439	1650	2039	1444	1492	2045	2060	450	544	435	429	336	474
gene_0293	259	217	309	184	186	497	37	59	53	43	73	73	266	222	183	279	209	286
gene_0294	783	560	698	471	519	603	1703	1844	1242	1893	2660	3085	404	695	537	568	500	631
gene_0295	110	71	109	112	110	151	29	17	31	26	29	33	100	141	92	155	80	133
gene_0296	537	458	542	369	386	814	1716	2762	1569	2078	1794	3438	606	537	599	765	568	468
gene_0297	266	236	250	193	234	301	56	67	52	59	90	96	265	383	250	237	285	324
gene_0298	165	188	159	106	108	136	420	467	370	387	690	615	96	155	127	170	140	114
gene_0299	119	114	80	101	109	124	34	24	29	14	32	30	117	112	113	106	98	86
gene_0300	212	238	265	188	213	282	1179	1064	998	800	1016	1404	201	342	215	242	171	285
gene_0301	61	83	68	88	105	102	20	32	17	24	34	31	71	58	45	68	40	89
gene_0302	378	493	513	349	427	593	1632	1906	1310	1381	1858	1695	958	1011	809	1198	817	1097
gene_0303	419	356	353	264	297	298	63	74	52	48	109	112	192	195	118	216	136	182
gene_0304	643	647	743	536	474	963	2370	2970	1751	1972	2930	3006	1354	1110	1336	1247	1256	1278
gene_0305	77	47	56	58	67	113	14	21	7	15	17	24	36	37	32	67	35	29
gene_0306	982	739	725	619	633	944	2443	2114	2457	2910	2871	3947	1740	1553	1786	1881	1205	1614
gene_0307	441	435	415	374	471	626	86	161	97	65	135	145	220	267	317	286	152	136
gene_0308	211	209	258	233	206	322	832	1083	761	806	1122	1105	526	642	468	568	321	564
gene_0309	298	234	221	239	254	229	62	80	45	61	74	91	114	152	129	172	149	117
gene_0310	383	522	338	306	284	414	889	1221	853	991	1684	1918	553	639	477	1062	648	674
gene_0311	808	615	810	402	433	993	142	162	134	132	224	190	281	405	257	448	282	305
gene_0312	602	679	583	541	420	1057	1840	2292	1403	1922	1890	2479	1028	1192	1092	1270	1135	912
gene_0313	279	237	307	229	159	323	33	42	26	41	57	66	82	142	74	105	95	105
gene_0314	932	482	548	375	705	688	2619	2704	2152	1980	2394	3815	1668	1616	992	1426	1193	1023
gene_0315	367	385	393	363	321	548	91	95	62	68	94	111	265	138	129	181	174	245
gene_0316	146	117	104	125	107	195	430	492	466	358	605	521	287	239	257	274	147	230
gene_0317	115	77	87	100	76	115	23	19	33	17	30	27	57	58	38	64	48	66
gene_0318	254	201	187	202	227	277	883	1017	701	748	1211	1253	466	525	372	359	516	403
gene_0319	137	149	142	92	120	182	46	41	26	35	37	51	59	59	67	60	55	63
gene_0320	334	220	280	255	163	298	616	1058	755	748	1077	914	358	394	364	514	358	435
gene_0321	145	159	206	142	156	245	35	48	36	26	40	58	90	91	79	136	87	101
gene_0322	165	166	157	160	106	146	622	587	442	510	540	841	338	341	251	275	214	333
gene_0323	170	129	140	158	131	173	26	46	38	29	60	51	41	72	88	116	72	66
gene_0324	431	494	596	331	464	950	1583	1971	1302	1455	1519	2376	1125	873	941	1299	930	1076
gene_0325	200	201	244	230	168	294	43	48	29	40	69	69	117	100	74	123	74	98
gene_0326	111	107	151	80	84	148	382	467	347	376	499	481	201	250	214	302	226	227
gene_0327	242	316	227	296	208	236	50	79	61	42	77	78	138	156	169	97	126	137
gene_0328	705	416	484	538	330	633	1711	1586	1721	2344	2549	2175	1144	1441	1007	1116	1029	1439
gene_0329	331	188	215	224	270	263	50	69	56	60	60	56	130	104	122	111	120	112
gene_0330	858	641	678	1045	924	911	2966	2773	2882	2272	3561	3962	1163	1541	1975	1649	1462	1755
gene_0331	291	175	262	174	175	333	61	78	34	42	91	114	134	124	106	139	157	131
gene_0332	169	157	165	173	162	331	616	508	669	711	945	853	344	423	359	553	425	369
gene_0333	76	98	77	77	68	120	14	23	23	19	27	32	53	65	39	73	37	38
gene_0334	70	59	101	81	70	133	237	477	330	303	523	432	205	204	159	184	178	202
gene_0335	94	82	129	101	123	146	28	42	25	37	43	51	47	77	63	75	52	63
gene_0336	118	144	226	137	173	165	574	634	569	628	1175	741	249	533	355	311	270	331
gene_0337	139	84	114	83	86	110	17	28	25	17	31	33	59	45	59	76	42	44
gene_0338	123	133	142	128	112	191	511	692	491	444	726	580	279	295	285	415	220	295
gene_0339	115	134	150	171	117	170	26	47	37	34	54	54	95	87	85	70	80	110
gene_0340	100	92	108	91	66	114	265	404	275	335	441	378	171	250	155	192	77	188
gene_0341	111	127	100	98	67	157	26	23	14	20	23	48	42	60	46	71	47	33
gene_0342	261	261	256	244	237	342	538	1277	571	849	948	877	535	492	366	648	461	585
gene_0343	758	596	749	768	531	1159	156	218	145	160	270	254	441	499	341	454	313	345
gene_0344	370	352	415	444	285	546	1504	1687	1172	1266	1992	2338	981	723	706	959	629	933
gene_0345	244	345	265	229	227	292	39	69	50	69	77	111	133	176	149	163	132	170
gene_0346	275	308	361	265	277	387	795	1469	1153	1164	2059	1692	823	828	693	580	613	742
gene_0347	294	323	261	362	240	393	94	78	73	60	114	125	125	144	125	230	135	169
gene_0348	288	357	278	244	254	451	914	1341	802	1200	2060	1194	752	624	869	905	482	649
gene_0349	103	171	101	122	101	161	24	35	18	28	49	37	91	95	88	55	58	59
gene_0350	529	416	427	577	420	618	2058	2619	1792	2134	2910	2296	1327	712	915	985	747	1062
gene_0351	498	523	417	363	305	560	104	118	42	86	149	145	201	234	174	261	186	202
gene_0352	772	571	628	687	592	877	2371	3233	2224	1944	3314	3645	1203	1318	1189	1782	1242	1584
gene_0353	265	167	203	209	176	313	55	57	41	47	67	56	84	144	146	134	95	137
gene_0354	502	496	446	555	408	719	1863	1535	1896	1505	2780	2217	880	977	1079	1199	678	1448
gene_0355	144	145	204	125	195	227	33	47	42	30	54	71	86	84	41	102	41	109
gene_0356	264	201	219	417	206	482	1029	1269	822	827	1357	1464	581	503	609	750	542	507
gene_0357	470	507	363	433	356	509	98	169	89	128	116	143	184	213	278	259	200	278
gene_0358	165	111	104	65	92	159	311	374	393	284	505	537	416	203	269	226	193	208
gene_0359	153	102	214	183	175	249	32	45	34	37	48	80	104	96	60	113	71	93
gene_0360	100	113	74	78	82	119	256	345	311	316	516	595	204	228	154	232	188	168
gene_0361	157	171	182	226	214	196	40	51	30	38	66	44	89	77	81	77	62	81
gene_0362	85	62	100	83	106	148	397	489	378	350	413	469	220	204	222	265	178	277
gene_0363	504	535	537	473	420	752	134	157	96	143	177	176	280	225	205	316	182	313
gene_0364	703	476	560	516	667	687	1799	2445	1721	1656	3217	2928	1161	1048	1094	1666	1011	1605
gene_0365	82	83	87	87	58	72	23	25	24	11	21	22	47	52	35	46	35	44
gene_0366	430	422	366	468	403	543	1586	1663	1392	1422	1857	2115	995	877	1190	1090	769	1205
gene_0367	208	157	210	130	109	248	37	29	25	24	45	53	108	93	108	116	110	86
gene_0368	131	81	126	107	68	98	285	301	308	292	501	348	162	219	200	200	143	120
gene_0369	997	937	731	544	739	741	183	192	141	144	216	223	450	396	430	388	299	314
gene_0370	115	61	91	76	78	114	198	269	323	290	264	460	206	188	147	175	151	168
gene_0371	390	388	449	264	371	484	94	111	71	78	99	111	183	185	177	184	154	203
gene_0372	265	201	300	161	228	241	813	813	800	775	928	1651	600	384	358	484	428	428
gene_0373	99	97	113	94	61	178	23	33	21	17	24	39	38	67	43	44	45	53
gene_0374	240	215	170	136	192	255	606	1324	707	619	1282	1015	395	467	368	440	305	234
gene_0375	544	623	638	653	680	624	114	148	144	124	149	212	308	323	307	405	371	442
gene_0376	131	165	152	88	101	158	475	507	448	406	740	727	274	217	295	370	253	188
gene_0377	171	113	166	129	115	254	34	25	38	49	58	56	115	92	121	100	110	79
gene_0378	309	252	242	283	221	309	754	958	907	1087	1525	1604	563	444	437	645	450	462
gene_0379	218	178	181	155	158	216	32	37	24	44	74	52	109	102	71	146	70	100
gene_0380	543	587	643	527	605	613	2333	3033	1699	1727	2752	2744	1353	1503	1153	1819	773	1139
gene_0381	651	627	764	608	507	1010	99	148	146	141	204	202	363	391	365	344	158	383
gene_0382	705	576	454	547	436	523	1707	3058	1358	1814	3592	2209	1266	1299	995	1641	662	1266
gene_0383	108	112	77	74	98	143	15	39	21	13	10	35	53	53	57	54	33	53
gene_0384	604	484	472	471	381	711	1680	1342	1608	1363	2174	3007	997	981	797	863	799	1131
gene_0385	637	608	617	590	562	609	134	180	117	122	189	165	358	289	209	346	306	299
gene_0386	140	103	122	189	98	160	495	767	440	529	533	573	296	300	227	229	179	259
gene_0387	91	119	88	85	95	97	21	33	10	28	36	31	54	49	39	42	42	47
gene_0388	143	109	159	189	136	196	512	604	564	550	946	973	374	399	330	351	286	382
gene_0389	253	136	178	191	138	235	35	41	29	32	55	58	112	100	101	112	96	115
gene_0390	196	209	250	214	198	316	1069	1001	553	641	1334	1050	520	667	447	467	346	465
gene_0391	107	99	112	81	87	154	25	27	22	18	35	35	46	42	44	50	51	63
gene_0392	275	181	275	212	236	299	872	1040	797	740	1485	1253	600	407	549	688	418	545
gene_0393	125	132	85	135	164	153	31	29	14	21	25	53	80	66	54	43	47	77
gene_0394	566	646	553	328	316	532	1818	1676	1746	1317	1776	2100	916	1148	971	1216	942	1159
gene_0395	338	314	345	255	346	408	100	101	64	66	68	110	165	179	174	191	191	163
gene_0396	264	192	242	249	150	425	851	729	969	827	1178	1191	505	586	542	681	345	559
gene_0397	314	443	356	305	358	516	92	72	81	71	169	127	230	176	226	295	180	269
gene_0398	154	120	140	149	82	137	388	713	505	371	557	630	258	370	242	377	265	284
gene_0399	102	105	136	93	90	103	19	24	16	16	37	40	74	70	44	61	38	52
gene_0400	561	658	720	559	623	800	2185	2984	2234	1424	3681	3093	1097	1595	1145	1257	1039	937
gene_0401	98	138	106	112	67	101	24	33	14	17	25	35	43	70	50	69	51	57
gene_0402	322	315	306	198	274	334	975	1221	851	775	1182	1451	555	631	466	671	597	478
gene_0403	497	452	655	434	472	867	96	103	106	109	160	184	224	324	304	322	178	283
gene_0404	231	164	158	199	222	286	731	1000	692	897	1176	886	525	325	354	424	289	347
gene_0405	493	530	623	396	619	730	122	182	141	97	156	159	288	357	252	331	259	179
gene_0406	481	445	726	513	481	644	1421	1946	1806	1594	2935	2490	1297	1361	1450	1240	981	796
gene_0407	594	584	487	667	597	855	133	128	174	169	191	249	333	284	234	341	229	329
gene_0408	539	564	455	575	538	842	2270	2522	2048	1753	2532	2843	1150	1453	962	1428	1123	1506
gene_0409	268	249	248	281	302	337	56	62	29	62	63	66	91	144	139	133	97	142
gene_0410	213	191	178	169	191	233	553	593	603	745	1204	1350	410	339	385	533	466	317
gene_0411	328	260	217	175	215	348	65	66	44	44	66	92	120	116	147	158	128	128
gene_0412	389	333	418	388	376	496	958	1328	1104	1856	1801	1706	922	790	543	739	625	638
gene_0413	188	124	151	117	202	163	41	34	27	24	54	52	90	46	78	55	71	61
gene_0414	349	438	422	387	345	290	1070	1223	1234	1062	1751	1714	1027	708	835	902	745	751
gene_0415	328	279	333	192	208	508	73	97	52	65	85	84	119	160	157	184	105	183
gene_0416	236	225	229	212	166	321	942	913	716	463	1227	890	350	351	385	386	289	489
gene_0417	68	100	88	75	98	99	16	18	14	11	25	20	41	52	37	40	47	39
gene_0418	608	465	422	522	384	854	1517	2415	1537	1305	2411	2845	1219	1003	739	1132	946	1156
gene_0419	563	399	418	462	368	460	111	94	68	106	122	155	231	236	210	228	152	197
gene_0420	83	65	94	63	55	111	278	363	197	309	402	390	128	186	184	205	108	163
gene_0421	490	329	463	328	419	799	99	149	87	87	111	208	265	258	265	320	199	321
gene_0422	198	180	272	221	304	301	806	1165	849	976	916	1155	327	609	429	736	312	567
gene_0423	320	489	288	232	376	494	80	63	68	89	101	97	157	163	164	197	140	131
gene_0424	248	222	235	201	180	288	1063	884	851	818	1620	1364	614	333	437	716	494	584
gene_0425	264	250	211	211	200	215	35	67	33	43	72	60	109	128	93	126	103	104
gene_0426	209	156	195	228	190	298	687	1026	687	689	732	827	412	478	462	507	463	427
gene_0427	357	293	470	300	340	604	94	72	59	65	96	66	184	159	147	232	96	187
gene_0428	81	69	84	78	68	114	380	549	212	294	508	521	175	180	126	177	130	167
gene_0429	404	430	479	328	422	581	95	135	91	113	173	169	233	229	271	272	228	240
gene_0430	895	639	927	549	458	973	2093	3115	2071	2004	3635	3154	1077	1189	1275	1199	1167	1442
gene_0431	140	124	177	160	123	275	30	51	29	28	56	58	72	57	76	116	48	90
gene_0432	786	581	798	702	597	815	2758	3328	2297	2122	2206	3847	1298	1462	1380	1402	1323	1527
gene_0433	116	174	216	167	101	202	40	51	23	30	47	72	77	124	107	116	77	90
gene_0434	404	392	483	264	259	587	1182	1975	1441	1464	1866	1898	789	1173	611	989	385	774
gene_0435	339	204	274	223	303	318	63	87	76	65	99	88	135	171	141	151	112	177
gene_0436	104	70	93	106	97	100	277	409	362	247	527	467	210	202	160	242	161	198
gene_0437	413	580	535	594	463	770	112	165	116	134	129	179	319	282	359	463	204	365
gene_0438	156	142	144	101	77	128	528	756	487	497	814	785	261	269	265	432	246	334
gene_0439	128	113	118	112	79	141	31	32	23	33	39	39	69	53	72	64	60	90
gene_0440	179	202	152	200	181	221	629	712	540	605	1080	1085	442	451	433	301	273	373
gene_0441	150	127	110	112	105	212	33	25	24	38	41	31	48	72	70	105	56	62
gene_0442	498	514	537	381	299	596	1808	1421	1944	897	1393	2903	871	1184	885	1075	690	705
gene_0443	229	293	357	270	255	410	99	78	62	50	120	127	156	172	120	200	168	197
gene_0444	68	73	72	67	68	111	272	389	222	284	540	485	141	205	189	161	110	139
gene_0445	674	689	786	795	614	1169	178	160	141	178	160	274	510	335	414	549	369	418
gene_0446	250	220	248	271	285	346	920	1347	792	1066	1415	1006	695	706	664	937	616	735
gene_0447	334	286	234	285	145	500	60	43	44	41	80	76	147	169	125	135	124	180
gene_0448	350	430	324	310	425	510	1391	2249	1907	1177	2000	1670	980	884	756	971	722	1054
gene_0449	651	595	718	647	624	706	143	195	151	156	181	220	460	378	306	297	306	372
gene_0450	621	451	647	450	423	810	1835	2615	1324	2162	2532	3090	1027	1504	772	1394	876	1009
gene_0451	349	413	471	326	280	392	62	94	85	64	94	110	185	253	153	228	136	163
gene_0452	100	81	100	83	76	114	281	356	252	428	402	451	172	134	222	239	173	225
gene_0453	502	552	695	511	428	757	120	171	92	146	120	213	223	289	225	321	237	370
gene_0454	92	112	99	94	114	88	354	377	380	438	504	681	193	245	280	269	180	274
gene_0455	287	179	221	232	247	307	36	58	47	39	93	94	97	102	86	89	112	102
gene_0456	178	170	149	159	122	191	487	737	581	634	786	940	332	505	330	380	330	325
gene_0457	284	309	360	275	357	485	61	77	48	73	114	125	119	144	186	193	104	137
gene_0458	175	173	189	232	186	239	677	631	549	661	1029	1144	365	445	430	538	401	469
gene_0459	1046	583	736	541	640	834	134	182	149	131	193	252	341	287	213	343	234	286
gene_0460	103	81	121	129	74	117	284	354	332	247	507	541	265	240	125	235	158	237
gene_0461	148	237	236	179	205	274	32	45	34	50	58	69	125	86	106	121	92	130
gene_0462	125	95	108	107	137	163	416	395	399	482	761	651	248	243	255	337	170	340
gene_0463	327	203	315	309	223	428	73	137	69	80	80	104	130	154	113	159	87	171
gene_0464	356	419	369	377	451	492	881	1270	1211	1405	2249	1637	858	718	768	888	724	578
gene_0465	250	270	254	219	213	288	76	64	48	66	96	89	115	178	167	177	143	154
gene_0466	185	158	161	130	92	169	503	442	422	490	983	713	377	337	362	446	248	434
gene_0467	209	224	226	229	225	280	51	58	31	41	65	60	114	99	110	128	66	123
gene_0468	198	187	213	210	152	275	630	830	514	980	1041	1123	398	478	373	520	320	367
gene_0469	841	864	877	532	618	1245	136	236	147	190	240	134	413	420	274	348	446	358
gene_0470	425	262	401	283	393	373	1071	1278	956	1023	1979	1807	500	790	727	932	627	714
gene_0471	471	395	400	403	371	365	69	101	80	77	151	134	156	236	266	171	142	194
gene_0472	206	117	188	158	117	175	598	597	501	628	707	931	338	366	354	385	237	363
gene_0473	454	428	399	339	431	512	52	113	82	92	87	124	176	224	134	173	177	144
gene_0474	280	370	329	339	287	334	1246	1400	1272	1223	1382	1689	540	781	571	934	670	518
gene_0475	220	158	154	208	167	144	23	55	35	40	43	55	99	69	81	101	66	112
gene_0476	177	153	163	187	137	299	544	635	390	539	808	768	449	370	300	381	214	340
gene_0477	642	508	497	522	522	645	97	123	144	102	125	188	276	252	249	297	244	278
gene_0478	57	142	116	81	96	131	334	503	308	297	286	531	180	208	195	284	150	137
gene_0479	168	151	166	182	168	205	41	45	32	42	52	89	99	101	105	148	86	77
gene_0480	113	73	76	77	105	131	402	444	344	329	534	465	221	210	178	327	141	258
gene_0481	506	492	486	369	289	523	109	109	94	87	137	131	274	248	187	235	161	274
gene_0482	365	375	386	400	319	598	1653	1832	1616	1451	2408	1684	899	660	977	812	695	735
gene_0483	575	446	599	383	364	655	84	137	128	95	157	100	265	248	233	209	253	355
gene_0484	406	304	338	330	346	470	1291	1346	1002	1520	2116	1155	790	666	557	875	502	585
gene_0485	136	207	150	156	96	206	43	24	31	28	35	33	79	89	50	89	82	79
gene_0486	681	432	429	449	409	523	1682	1673	1594	1510	2519	1771	1053	1139	1012	1030	486	1126
gene_0487	462	318	469	364	305	687	81	88	69	92	116	168	225	230	180	247	158	232
gene_0488	122	131	135	134	112	158	473	627	373	581	590	896	384	364	360	297	276	274
gene_0489	290	312	320	296	267	519	66	68	104	91	98	101	183	134	129	201	110	232
gene_0490	631	516	622	470	349	664	1890	2070	2274	2765	3847	1891	861	1182	789	1487	860	1343
gene_0491	592	741	751	547	547	808	131	229	124	154	196	157	367	302	282	360	324	392
gene_0492	167	149	138	137	133	192	554	663	437	435	862	892	398	387	243	342	222	358
gene_0493	425	350	355	293	261	482	60	90	45	66	111	127	157	188	155	181	176	146
gene_0494	113	107	83	124	120	103	397	381	341	344	437	502	153	172	127	239	184	262
gene_0495	241	252	250	294	192	331	68	63	40	46	80	89	110	119	125	166	112	132
gene_0496	118	114	118	70	98	136	309	411	318	300	518	614	209	228	166	296	175	224
gene_0497	137	118	162	120	127	229	23	33	21	23	41	44	86	80	81	120	93	77
gene_0498	325	407	419	389	319	495	1289	1498	1206	1319	2159	2243	612	982	840	844	738	695
gene_0499	436	347	418	306	331	499	84	108	92	65	78	80	229	201	182	263	211	186
gene_0500	273	211	322	185	265	351	992	1027	631	595	891	1111	498	517	360	472	352	539
gene_0501	156	99	125	122	127	132	31	28	16	21	26	38	60	48	32	85	46	70
gene_0502	124	192	158	141	202	252	506	762	639	586	648	647	374	383	351	361	178	341
gene_0503	367	505	414	470	298	434	89	123	54	97	142	157	224	232	224	219	209	198
gene_0504	162	99	155	133	73	148	507	334	580	497	463	792	228	315	171	257	203	235
gene_0505	68	88	82	106	77	118	18	14	23	17	18	34	49	59	44	55	48	67
gene_0506	111	115	102	90	75	104	277	357	295	376	508	515	173	254	171	255	159	224
gene_0507	128	155	142	118	176	224	36	35	20	25	47	59	69	108	81	130	42	61
gene_0508	70	41	80	66	49	99	300	384	230	382	397	381	199	202	164	167	166	160
gene_0509	275	266	245	250	256	251	41	55	39	52	63	93	97	87	118	157	89	83
gene_0510	929	719	885	783	760	932	2296	3446	2324	1808	2799	4062	1140	1361	1645	1819	1503	1744
gene_0511	75	92	91	76	65	163	18	12	17	25	29	34	34	35	58	58	63	65
gene_0512	101	102	145	86	102	158	335	275	324	324	445	480	237	220	166	270	148	248
gene_0513	208	146	301	179	149	230	37	35	34	45	76	78	109	126	102	178	92	100
gene_0514	129	112	94	98	105	206	350	577	324	311	525	629	277	269	228	314	181	234
gene_0515	139	122	166	135	147	190	23	46	28	30	56	46	60	66	56	110	68	73
gene_0516	592	597	834	450	455	956	1698	3375	1898	1867	3106	3457	1517	1446	1457	1275	961	1453
gene_0517	83	131	93	113	97	138	33	39	17	22	36	29	44	44	56	43	34	61
gene_0518	142	114	135	69	92	126	366	585	335	395	718	851	222	261	261	312	269	227
gene_0519	95	83	134	93	104	85	25	15	18	13	35	22	47	35	49	74	40	49
gene_0520	218	133	224	180	196	276	1029	1077	694	808	1110	892	374	504	355	577	675	561
gene_0521	138	178	148	191	145	256	44	44	49	51	83	63	116	77	78	109	80	88
gene_0522	306	363	229	301	255	309	1023	1155	644	1110	1292	1387	600	700	641	637	468	582
gene_0523	454	589	560	516	466	773	128	175	124	96	149	164	277	261	234	298	280	353
gene_0524	421	414	459	502	376	383	1716	2335	1386	1759	2091	2014	788	1023	1016	1041	482	925
gene_0525	301	196	292	312	284	567	81	89	56	38	82	108	154	154	149	168	144	181
gene_0526	95	88	72	64	47	98	226	366	283	307	339	241	179	136	180	166	89	149
gene_0527	280	200	237	209	210	356	50	54	40	60	61	51	109	117	117	110	106	141
gene_0528	290	186	236	189	204	230	810	917	718	650	957	1061	421	467	484	522	316	576
gene_0529	328	193	246	185	284	259	49	67	66	47	76	87	103	166	103	165	103	163
gene_0530	567	488	433	354	291	507	1364	1392	760	1868	2559	2489	954	1016	777	888	694	1314
gene_0531	418	240	489	299	347	420	90	110	56	62	109	108	168	189	152	232	192	206
gene_0532	991	724	749	781	751	807	2260	3624	1809	2309	4122	3783	1231	1209	1494	1551	1545	1147
gene_0533	101	86	155	141	156	125	37	37	20	31	42	43	55	51	51	87	49	61
gene_0534	109	119	94	65	74	141	369	561	344	334	492	528	160	180	197	243	131	241
gene_0535	86	81	105	102	96	137	18	28	13	15	27	30	80	53	54	51	44	52
gene_0536	187	223	204	204	211	354	668	857	633	775	1227	1172	513	525	462	553	275	371
gene_0537	85	75	110	88	96	114	18	16	11	13	39	34	49	28	65	35	29	37
gene_0538	113	101	141	111	141	158	424	551	490	593	617	792	241	284	250	290	312	294
gene_0539	115	118	81	68	79	157	9	26	17	24	31	32	42	59	56	46	53	53
gene_0540	561	390	503	360	286	434	999	1923	1213	1501	1853	2190	639	776	582	841	452	824
gene_0541	100	82	110	92	139	180	25	38	18	21	23	37	64	50	62	60	51	57
gene_0542	734	656	826	550	509	842	1923	2013	1996	2235	3881	2391	1093	1576	1468	1730	1061	1292
gene_0543	150	83	110	72	112	139	25	35	24	33	33	39	72	58	38	62	35	46
gene_0544	60	112	119	111	114	134	401	505	261	259	464	640	167	266	112	196	166	243
gene_0545	622	387	302	361	286	584	77	100	70	45	131	144	254	248	179	207	223	179
gene_0546	765	644	663	549	794	1252	2320	3001	2103	2467	3668	3579	1430	1766	1368	2084	1418	1207
gene_0547	468	362	429	460	338	683	110	124	93	88	205	174	188	280	273	331	206	285
gene_0548	108	95	104	134	86	142	330	422	338	413	454	582	211	237	244	190	217	160
gene_0549	122	132	149	154	104	140	25	23	30	29	62	61	47	85	50	66	51	70
gene_0550	250	227	205	137	207	260	770	941	482	969	1164	1333	488	624	366	540	366	566
gene_0551	92	129	105	78	94	138	20	22	21	19	43	35	53	47	40	60	55	59
gene_0552	251	217	157	160	148	293	719	1147	597	795	984	1141	403	575	494	529	291	420
gene_0553	174	147	264	132	164	379	56	53	35	53	67	85	83	83	105	118	80	116
gene_0554	634	521	500	465	441	466	1251	1921	1271	1676	1973	2475	818	1005	1097	1282	653	802
gene_0555	113	123	115	110	120	179	24	30	21	32	33	52	55	65	76	80	52	48
gene_0556	129	65	61	57	91	126	197	399	198	241	355	374	137	191	171	181	139	191
gene_0557	97	119	113	89	132	229	34	29	31	34	50	42	71	96	85	95	62	62
gene_0558	947	772	1141	783	692	1089	2184	2451	2379	2130	3185	4012	1556	1907	1362	2465	1643	1322
gene_0559	528	333	352	292	385	694	98	102	124	95	113	97	176	243	264	260	255	210
gene_0560	436	394	335	254	302	534	1486	1318	1279	1258	2427	1865	740	973	889	948	724	922
gene_0561	484	368	393	360	304	710	72	96	65	98	103	123	247	205	199	256	222	221
gene_0562	293	283	320	364	319	475	1267	1464	910	1111	1444	1500	731	672	664	609	581	866
gene_0563	305	439	369	357	264	584	57	99	68	60	157	156	169	216	206	197	116	149
gene_0564	534	334	521	329	444	491	1679	1717	1639	1488	2078	2699	1051	971	851	1439	756	897
gene_0565	792	630	766	843	592	1084	162	181	145	130	233	204	307	494	408	663	334	418
gene_0566	805	571	639	630	783	921	1756	2734	1967	2276	3267	3029	1543	1071	1724	1860	1056	1229
gene_0567	139	106	104	91	113	177	23	24	14	18	28	34	47	69	35	59	59	78
gene_0568	410	271	349	285	349	453	1178	1398	946	1449	1612	2091	680	852	677	979	594	666
gene_0569	176	120	167	120	183	211	58	26	29	32	62	24	65	101	67	87	75	98
gene_0570	250	307	249	221	282	317	700	1132	783	879	1345	1344	553	821	472	573	588	718
gene_0571	306	281	310	203	282	400	53	70	66	66	52	83	96	129	167	193	131	89
gene_0572	785	527	775	557	555	715	2038	2699	2489	2277	3120	2482	1360	1385	838	1197	1184	1331
gene_0573	124	141	127	123	137	162	27	37	19	23	20	49	50	52	70	46	58	53
gene_0574	195	223	136	131	117	195	632	683	592	582	833	899	270	359	289	584	299	336
gene_0575	208	190	202	167	145	279	42	58	53	31	71	68	114	109	90	125	87	118
gene_0576	178	194	145	132	122	296	646	681	445	570	653	1009	521	548	280	476	247	363
gene_0577	106	61	123	95	89	149	31	25	14	21	29	37	46	63	53	78	37	97
gene_0578	182	211	202	194	206	261	620	821	909	853	1367	1116	542	575	358	596	402	479
gene_0579	113	130	128	106	125	174	35	25	24	27	34	58	66	85	55	80	53	60
gene_0580	118	163	169	184	124	181	625	662	435	482	706	1095	310	373	241	333	278	476
gene_0581	596	708	996	575	587	913	161	169	93	153	237	272	374	332	256	409	274	253
gene_0582	374	307	353	351	433	413	1176	1724	1230	1064	1836	1571	658	716	651	756	777	644
gene_0583	101	129	111	112	85	151	20	36	18	24	40	59	50	46	64	67	57	54
gene_0584	523	429	694	448	430	608	1483	1551	1177	1544	2002	1643	653	968	716	772	618	1049
gene_0585	373	384	422	332	384	492	93	141	66	67	155	127	239	200	212	238	189	229
gene_0586	301	243	286	236	194	449	732	734	792	792	1325	1375	504	461	571	671	401	460
gene_0587	74	95	105	68	56	137	18	31	31	14	38	27	32	59	36	42	53	47
gene_0588	662	455	646	416	414	585	1365	1964	1749	1841	2756	2270	1003	1068	1363	1178	1014	944
gene_0589	90	58	99	69	86	102	26	10	16	16	28	40	35	40	39	46	31	41
gene_0590	324	387	425	332	211	382	1098	1174	821	1439	1847	1929	624	591	544	761	538	681
gene_0591	650	549	490	472	401	705	113	139	110	142	230	236	267	269	290	263	281	265
gene_0592	239	207	171	244	210	234	877	946	856	964	962	1158	454	570	427	726	449	505
gene_0593	498	641	632	578	494	785	109	169	128	149	215	195	278	347	324	469	272	329
gene_0594	408	357	291	324	244	328	1197	1449	1310	1247	1913	1948	769	584	605	905	428	484
gene_0595	254	221	359	252	225	350	67	55	73	69	83	117	114	247	114	189	127	139
gene_0596	669	520	743	531	496	772	2602	2273	2167	2022	3147	2539	1011	1298	1074	1420	1234	1126
gene_0597	128	99	133	154	100	160	31	33	23	16	43	47	71	90	63	91	61	83
gene_0598	479	267	374	264	349	364	1030	865	831	1029	1343	1615	471	594	475	677	567	775
gene_0599	313	313	315	337	346	334	49	99	43	68	97	103	153	174	124	188	169	142
gene_0600	448	617	550	392	431	520	1658	3103	1607	1740	2392	2806	773	1121	759	1037	972	1119
gene_0601	100	84	131	85	74	123	4	12	10	17	25	17	177	207	124	167	147	206
gene_0602	292	218	300	234	120	296	757	1000	735	1193	1212	1242	113	121	131	126	117	173
gene_0603	251	282	337	262	235	358	55	73	45	59	64	71	617	700	533	787	443	551
gene_0604	203	151	143	125	126	175	400	580	388	540	902	589	65	68	72	89	66	58
gene_0605	645	527	398	321	443	543	92	123	83	88	118	129	720	1053	897	1320	616	980
gene_0606	194	227	300	235	214	379	741	1283	699	755	1419	1264	118	108	107	129	97	101
gene_0607	242	138	211	226	220	229	27	51	42	35	75	60	360	417	231	523	308	548
gene_0608	251	279	251	256	264	359	1129	752	664	605	1132	1116	111	157	134	211	89	130
gene_0609	115	90	170	102	84	92	20	25	27	21	30	26	164	279	186	267	140	154
gene_0610	422	599	563	371	454	616	1601	2163	1426	1536	1981	2373	262	288	291	286	251	234
gene_0611	332	306	275	226	325	396	50	77	45	67	74	120	563	622	751	695	458	558
gene_0612	286	243	269	392	349	311	1042	1462	1054	1066	1816	1427	135	181	159	194	117	154
gene_0613	301	454	639	434	345	700	125	131	111	106	144	163	1056	1296	643	1537	1071	1058
gene_0614	124	132	137	126	134	190	387	584	637	407	607	672	128	54	75	78	40	72
gene_0615	215	249	354	246	290	379	67	85	76	76	100	129	601	749	649	754	654	617
gene_0616	203	251	267	191	206	344	847	844	877	643	1049	920	151	93	100	152	116	118
gene_0617	263	161	199	134	119	193	33	61	38	30	53	42	344	374	322	313	259	320
gene_0618	306	238	236	257	246	245	759	1292	727	963	1230	1617	125	146	100	190	122	106
gene_0619	115	88	84	99	69	150	18	25	30	31	19	24	189	306	146	332	198	206
gene_0620	135	144	193	115	133	234	418	623	450	471	820	823	61	55	80	83	63	107
gene_0621	535	532	509	681	614	618	130	177	80	141	157	248	1210	1250	1405	1544	1114	1433
gene_0622	355	249	289	299	407	466	1083	1497	867	1236	1468	1392	165	188	143	214	117	251
gene_0623	101	60	90	93	101	97	30	36	17	28	28	22	194	165	177	249	217	181
gene_0624	137	140	112	174	116	151	624	599	528	483	648	646	53	73	60	61	52	73
gene_0625	123	133	151	184	147	253	28	40	25	47	33	56	290	342	309	321	366	291
gene_0626	773	748	870	602	588	910	2498	2766	1736	1788	2062	4232	371	510	287	392	338	460
gene_0627	221	152	120	154	134	170	32	46	27	39	31	39	196	393	290	402	244	366
gene_0628	814	600	778	832	634	906	2316	3644	2235	2683	4075	3619	424	338	332	406	410	566
gene_0629	479	357	301	371	420	476	122	98	91	100	127	72	727	858	900	1027	685	958
gene_0630	106	98	127	91	87	167	364	452	347	322	512	455	91	77	46	60	43	29
gene_0631	375	278	265	355	294	523	65	137	69	104	61	153	863	667	931	805	688	560
gene_0632	430	563	529	565	459	599	1188	1349	1521	2055	2045	3223	290	304	176	356	145	285
gene_0633	212	202	200	138	160	283	42	37	38	34	63	73	341	506	443	513	277	427
gene_0634	198	187	199	114	149	256	594	653	481	570	722	1021	88	99	81	107	79	81
gene_0635	626	770	719	519	634	591	154	147	86	115	233	104	1352	1535	1165	1456	1161	1357
gene_0636	304	435	458	506	251	563	1753	1800	1221	971	2335	2446	269	241	214	161	146	228
gene_0637	109	68	78	83	94	104	16	33	20	17	27	27	193	210	171	214	159	150
gene_0638	185	171	238	150	135	272	521	772	470	519	884	906	78	126	97	130	67	135
gene_0639	166	84	161	153	129	185	24	31	36	31	69	33	326	252	200	318	232	237
gene_0640	513	527	455	388	432	643	1740	2332	1243	1434	1920	3174	268	208	169	237	214	207
gene_0641	411	447	624	316	365	751	98	125	88	83	135	160	750	738	816	1002	777	945
gene_0642	112	119	97	59	75	134	344	463	241	496	434	604	56	56	40	61	49	58
gene_0643	195	250	205	222	150	341	36	52	31	56	98	63	348	414	425	437	455	468
gene_0644	761	700	931	656	576	856	2480	3481	2105	3312	4536	3620	378	540	450	386	349	473
gene_0645	312	258	296	261	243	349	57	56	47	57	90	68	641	794	579	660	719	662
gene_0646	326	298	421	294	277	345	1124	1089	1285	748	1758	990	152	162	126	152	92	138
gene_0647	261	213	189	322	171	311	44	58	60	41	78	43	411	526	437	607	325	596
gene_0648	675	782	569	528	563	910	1968	2834	1980	1728	3270	4253	295	411	279	436	360	508
gene_0649	622	839	667	684	692	1153	131	210	129	157	178	306	1544	1849	1975	2008	1187	1860
gene_0650	208	179	185	137	154	236	496	641	594	658	1050	1001	114	86	91	146	81	103
gene_0651	353	335	389	233	213	316	45	71	63	80	93	91	698	987	675	604	553	745
gene_0652	309	302	390	279	281	457	962	1027	591	1061	1514	1148	124	200	112	147	111	118
gene_0653	123	162	147	164	88	207	40	26	25	30	34	35	283	218	244	402	303	357
gene_0654	90	97	126	64	100	108	163	305	298	285	425	330	44	44	36	49	24	51
gene_0655	231	206	166	140	199	182	45	43	41	43	44	63	329	354	365	320	334	322
gene_0656	342	250	364	311	424	385	894	1510	1065	1094	2100	1671	187	149	179	207	156	189
gene_0657	113	71	83	65	100	175	25	18	21	23	22	39	183	222	162	231	169	208
gene_0658	178	148	211	165	126	188	505	654	537	483	567	1053	78	72	86	143	53	96
gene_0659	198	159	127	173	107	251	28	31	36	41	41	23	348	462	217	389	189	373
gene_0660	539	747	487	483	378	927	1389	2294	1437	1656	2859	2234	358	293	310	501	186	299
gene_0661	207	176	309	193	191	327	52	48	54	49	68	66	336	376	515	662	468	518
gene_0662	562	463	467	455	331	821	1509	2131	1672	1279	2357	2476	243	263	200	327	276	270
gene_0663	735	742	699	658	651	837	207	157	138	132	203	176	1047	1225	1002	1882	968	1353
gene_0664	497	443	482	478	439	546	1708	2318	1698	2187	1825	1775	271	237	216	368	183	250
gene_0665	193	162	171	137	124	191	42	47	20	31	36	47	417	335	247	381	245	367
gene_0666	272	288	395	183	327	471	891	1396	1057	1135	1377	946	154	168	130	149	133	163
gene_0667	209	228	294	207	204	393	40	87	45	64	78	76	376	645	409	502	340	454
gene_0668	168	151	151	152	193	220	470	822	559	506	714	817	71	84	96	82	67	88
gene_0669	116	71	163	80	81	173	25	31	33	30	33	37	218	257	367	275	155	237
gene_0670	552	571	849	787	512	996	1843	2315	2244	1817	2611	2564	355	315	214	386	211	298
gene_0671	548	439	379	452	307	476	55	104	76	76	124	109	933	855	902	709	606	911
gene_0672	314	333	396	241	325	445	582	1427	1337	1053	1692	1622	162	186	142	143	176	207
gene_0673	145	150	167	185	122	216	41	44	19	27	57	42	388	339	328	349	344	304
gene_0674	142	92	98	112	98	178	481	485	351	346	723	683	74	79	73	66	55	59
gene_0675	531	392	890	651	372	620	119	138	93	113	170	174	1499	1155	1040	1297	849	1039
gene_0676	141	74	171	113	72	171	345	399	444	366	633	818	73	53	47	66	52	73
gene_0677	125	98	78	88	98	95	23	29	20	24	22	41	196	232	196	297	102	223
gene_0678	162	101	181	121	160	202	777	663	608	534	905	624	106	74	88	80	79	97
gene_0679	819	667	635	639	726	926	161	215	107	162	288	278	1556	1174	1327	2145	1083	1772
gene_0680	107	47	111	87	68	103	331	361	269	253	521	464	47	43	47	55	45	57
gene_0681	180	126	135	128	110	194	44	46	34	33	42	47	265	292	281	358	190	388
gene_0682	225	213	258	160	180	413	876	898	683	855	821	1086	169	100	105	101	116	126
gene_0683	159	177	234	102	171	270	39	43	37	35	60	65	274	423	324	387	432	365
gene_0684	611	591	492	666	640	885	2664	2134	1950	2044	2874	3331	393	357	239	414	174	334
gene_0685	85	89	107	72	73	131	17	32	8	22	25	25	142	196	147	164	179	194
gene_0686	174	155	284	205	202	377	703	1106	666	820	1194	1145	82	114	82	136	96	151
gene_0687	192	186	164	125	135	236	29	28	32	30	34	44	330	360	373	314	236	295
gene_0688	317	294	222	240	271	261	626	1020	806	1231	1196	1399	124	141	126	137	118	145
gene_0689	428	312	419	387	323	394	52	74	58	99	103	87	529	634	719	599	617	723
gene_0690	147	164	134	155	97	144	392	622	439	534	522	743	105	118	73	66	44	88
gene_0691	110	107	105	102	82	111	19	20	16	20	39	46	201	271	188	258	190	277
gene_0692	515	403	320	405	312	483	1121	1432	1390	1039	1845	1803	183	131	167	228	151	222
gene_0693	219	197	238	201	190	260	55	49	61	49	39	80	381	453	397	456	396	499
gene_0694	230	249	238	169	187	223	983	998	771	637	1081	1056	116	99	116	111	90	94
gene_0695	362	388	331	367	217	620	74	138	66	80	107	58	633	732	536	784	435	696
gene_0696	439	376	488	480	350	494	1278	1643	1525	1508	2564	2523	211	255	168	267	199	225
gene_0697	395	464	469	413	538	622	150	178	102	123	147	164	1001	1205	1055	1267	821	1343
gene_0698	699	843	742	714	725	1235	2793	2892	2437	2726	2584	4000	329	388	388	458	363	398
gene_0699	705	524	687	451	446	618	106	103	136	138	189	195	816	1421	1082	1769	807	1246
gene_0700	376	321	267	231	222	420	1172	1231	1071	1073	1731	1509	117	210	133	191	96	150
gene_0701	381	254	382	306	277	503	124	96	76	83	117	137	876	775	874	891	664	867
gene_0702	482	459	409	415	744	565	2028	2056	1627	1717	2143	2988	289	303	158	295	311	286
gene_0703	534	531	512	348	368	568	84	107	81	94	144	158	938	912	770	1188	762	778
gene_0704	446	405	425	416	439	363	1658	1670	1345	1547	1871	2323	222	203	176	262	161	188
gene_0705	263	237	199	170	210	391	55	77	37	54	57	74	415	509	310	455	343	466
gene_0706	175	122	121	108	92	187	362	512	392	311	456	645	40	41	41	77	50	62
gene_0707	192	197	259	216	163	314	61	66	43	59	67	75	419	428	497	626	472	494
gene_0708	115	88	147	110	165	112	455	579	305	462	492	844	53	82	63	84	65	77
gene_0709	135	124	100	82	89	122	30	20	20	21	45	41	203	298	173	215	238	274
gene_0710	152	132	131	116	116	211	425	656	445	490	565	490	97	82	60	99	43	68
gene_0711	560	676	680	503	638	740	137	155	147	121	158	225	1090	1325	1152	1494	1440	1485
gene_0712	468	419	624	312	434	653	1716	1636	1619	1957	2902	2237	214	368	211	287	207	270
gene_0713	277	327	286	181	207	476	72	82	67	73	125	124	659	688	559	756	445	754
gene_0714	190	156	173	136	163	211	622	829	670	578	672	934	88	59	96	92	53	117
gene_0715	517	364	430	408	522	527	67	102	115	86	153	140	633	978	988	969	797	1111
gene_0716	96	65	77	60	66	98	267	359	237	273	486	506	35	33	43	66	31	42
gene_0717	138	168	158	110	137	204	26	49	18	26	37	30	299	287	233	274	252	257
gene_0718	140	225	251	127	169	292	1045	698	452	652	849	1079	77	122	69	106	66	126
gene_0719	239	219	240	192	133	268	43	39	35	34	46	50	398	537	469	375	440	603
gene_0720	93	98	84	74	116	156	257	411	334	313	477	642	65	64	42	58	50	55
gene_0721	212	177	135	126	116	180	28	38	37	39	32	29	350	272	212	304	345	253
gene_0722	133	168	154	176	161	201	686	633	539	431	675	973	62	90	60	92	55	73
gene_0723	92	105	85	109	90	117	16	25	25	25	23	28	168	228	198	264	119	237
gene_0724	229	145	177	120	113	243	539	606	535	465	728	666	71	85	77	86	56	63
gene_0725	126	66	128	65	58	134	20	31	15	17	29	31	140	197	217	189	165	219
gene_0726	99	116	89	125	110	150	314	478	332	298	682	918	39	61	56	70	41	71
gene_0727	117	123	105	137	102	107	34	35	23	24	37	38	162	341	228	242	204	226
gene_0728	158	150	162	139	120	217	457	637	583	404	951	863	69	61	88	105	85	91
gene_0729	206	106	112	89	163	120	25	30	22	21	34	39	226	325	238	298	203	302
gene_0730	579	454	563	504	469	852	1405	2232	1524	1576	2931	2660	291	283	318	331	224	280
gene_0731	168	212	208	171	190	275	55	39	36	51	75	61	562	369	353	448	398	476
gene_0732	564	476	581	580	489	1147	2238	2842	2215	2274	2681	3646	330	272	297	473	293	301
gene_0733	122	116	132	96	102	146	23	22	20	29	26	39	329	298	172	184	161	241
gene_0734	143	83	129	99	85	115	346	481	356	461	543	436	52	57	50	51	35	46
gene_0735	545	403	426	389	359	786	64	110	85	61	140	92	873	750	941	1375	871	568
gene_0736	406	477	427	418	411	577	1373	1701	1817	1540	2695	2353	260	213	156	395	247	230
gene_0737	487	482	558	566	336	657	98	112	96	124	117	204	1186	1166	1399	1382	770	1375
gene_0738	194	250	262	204	195	367	812	831	515	901	1106	1232	107	97	125	157	97	86
gene_0739	366	252	233	303	260	353	69	66	30	55	82	75	552	434	600	640	393	583
gene_0740	554	468	582	479	329	704	1670	1850	1528	1679	2150	2461	253	263	296	382	222	300
gene_0741	630	436	412	666	573	667	108	153	121	133	180	219	1407	1149	977	1618	780	939
gene_0742	180	126	147	94	124	163	619	714	593	512	858	1081	96	103	81	108	84	141
gene_0743	808	640	552	450	599	680	103	130	124	148	161	178	1266	1011	1164	1489	848	1461
gene_0744	643	576	725	598	522	857	2180	2650	1607	2488	3044	3006	238	356	299	400	266	417
gene_0745	582	519	657	574	412	714	132	155	111	101	150	166	1099	1311	1119	1388	1190	1085
gene_0746	300	286	233	260	215	301	652	1002	929	635	1525	1215	127	126	126	157	135	113
gene_0747	290	191	219	195	304	432	70	57	73	61	107	87	678	719	628	552	484	598
gene_0748	233	177	232	112	157	213	557	807	768	625	760	729	85	90	97	65	128	89
gene_0749	191	165	105	148	117	174	21	30	27	38	33	49	346	326	282	293	266	261
gene_0750	123	137	133	148	79	150	438	556	553	360	779	698	51	66	74	61	37	65
gene_0751	288	273	243	205	261	410	51	83	49	52	112	98	466	750	491	691	353	674
gene_0752	132	134	132	129	119	171	519	756	480	461	494	587	72	71	51	102	50	75
gene_0753	521	577	420	461	331	573	99	98	88	110	91	164	754	1113	959	1055	852	882
gene_0754	886	684	784	628	527	1132	2337	2663	1935	3096	4764	3615	409	413	481	488	335	439
gene_0755	626	431	378	443	399	596	102	125	94	82	141	172	1006	1112	842	1205	951	1017
gene_0756	60	79	82	78	65	119	341	307	269	265	390	369	62	57	35	32	34	53
gene_0757	156	151	152	121	132	171	29	30	27	35	46	66	250	323	274	328	230	244
gene_0758	256	198	354	276	240	380	722	823	740	1038	1704	1495	112	193	142	186	79	182
gene_0759	427	262	466	429	363	507	50	107	97	88	125	111	800	1104	724	896	684	955
gene_0760	105	91	104	107	94	102	297	419	272	349	541	472	52	44	47	55	55	61
gene_0761	128	128	124	116	100	185	41	44	19	28	31	23	260	253	254	301	170	192
gene_0762	113	126	129	107	114	164	511	483	316	334	487	533	59	68	59	84	51	46
gene_0763	754	566	899	666	603	918	179	223	173	119	201	222	1575	1857	1610	1670	1661	1482
gene_0764	85	99	85	100	78	91	337	241	317	380	408	360	48	54	37	55	49	59
gene_0765	292	272	283	349	245	376	43	84	58	72	112	94	480	779	592	602	409	552
gene_0766	769	531	604	740	483	917	2467	3137	1864	2364	3612	4165	296	266	242	319	359	372
gene_0767	218	218	198	183	142	252	43	62	45	48	54	60	396	321	400	440	321	485
gene_0768	415	242	300	281	350	421	728	1152	946	1014	1525	1277	172	126	143	204	145	169
gene_0769	722	336	521	410	415	851	126	182	101	132	150	175	835	785	1012	1155	820	970
gene_0770	221	260	365	236	267	322	779	1453	923	855	998	1625	152	122	123	192	75	126
gene_0771	834	701	647	708	819	1330	172	202	174	188	259	250	1979	1344	1581	1621	1342	1910
gene_0772	806	730	534	484	665	941	1905	3123	1809	1756	3689	3193	381	353	366	427	278	265
gene_0773	364	291	327	300	229	419	43	96	56	53	97	112	718	723	673	863	443	755
gene_0774	332	233	233	172	160	335	983	1037	879	955	1270	1334	141	126	112	132	89	122
gene_0775	626	597	492	494	544	641	162	161	97	109	264	191	1096	1435	1245	1622	831	1204
gene_0776	445	410	443	346	302	368	1178	2113	1123	1437	1997	2552	227	221	131	249	190	241
gene_0777	149	204	160	135	121	266	34	39	42	51	47	52	354	300	329	258	294	352
gene_0778	177	132	144	164	171	186	546	736	492	482	992	1034	79	80	85	107	55	68
gene_0779	691	741	848	634	597	1129	155	176	146	148	271	282	1538	1776	1301	1874	1214	1581
gene_0780	248	184	301	218	209	314	597	1021	712	717	1482	1249	104	154	116	180	112	106
gene_0781	448	353	366	325	334	507	80	114	68	91	126	169	742	869	716	836	1058	1019
gene_0782	163	113	167	138	110	261	538	610	527	567	898	724	52	53	60	116	68	62
gene_0783	267	245	292	203	243	303	55	51	41	45	64	71	503	594	461	630	433	391
gene_0784	368	274	381	238	245	453	806	952	792	760	1375	1096	161	164	108	154	130	116
gene_0785	135	121	107	76	92	173	21	20	26	21	38	28	342	329	192	286	168	297
gene_0786	687	713	594	622	758	760	2814	2783	2153	2480	3769	3578	425	383	381	470	292	360
gene_0787	152	144	193	132	147	199	49	43	29	27	39	39	293	349	396	409	187	352
gene_0788	595	472	917	642	681	940	2540	3864	2492	2651	4593	4455	427	469	355	513	371	418
gene_0789	403	409	315	260	325	315	109	90	69	134	129	147	684	974	798	992	525	710
gene_0790	101	80	113	80	83	131	301	428	216	310	593	353	44	46	34	46	30	47
gene_0791	259	244	277	232	122	231	43	46	37	42	69	77	470	533	502	667	396	464
gene_0792	356	297	234	344	199	411	1325	1238	1000	932	1890	1554	163	149	120	179	173	161
gene_0793	87	58	115	78	65	124	12	20	25	22	15	37	234	184	140	193	118	200
gene_0794	698	700	791	641	680	1083	1905	3564	2009	2284	3802	3913	328	441	300	591	389	299
gene_0795	473	614	662	540	561	738	127	191	158	139	183	226	1344	1440	1213	1927	1173	956
gene_0796	514	510	393	431	385	449	1023	1385	1600	1564	1678	1836	223	233	228	199	121	149
gene_0797	158	168	193	166	132	202	41	38	30	46	56	62	487	362	319	500	271	384
gene_0798	475	434	336	396	381	486	1782	1908	1168	920	2636	2029	202	197	200	199	187	170
gene_0799	116	112	89	79	87	94	13	26	16	24	22	38	157	185	187	269	160	226
gene_0800	61	72	100	66	65	104	263	402	352	290	318	500	54	30	47	61	37	51
gene_0801	172	139	140	131	139	190	19	44	28	23	42	37	337	289	195	302	282	294
gene_0802	339	445	431	530	361	457	1449	1528	1576	1238	1769	2458	174	262	152	219	211	219
gene_0803	91	67	105	66	77	117	20	27	16	12	33	27	146	237	155	203	144	170
gene_0804	375	297	342	444	335	511	1345	1269	1095	1308	1722	1434	226	225	182	246	148	195
gene_0805	275	249	345	232	211	336	51	64	54	52	57	78	562	653	481	613	537	698
gene_0806	132	107	151	103	110	135	380	413	262	352	725	542	61	58	54	72	68	66
gene_0807	84	109	93	69	100	104	29	30	15	20	23	32	183	192	205	204	116	204
gene_0808	461	360	348	344	270	553	919	1918	1093	1248	2105	2224	170	209	172	218	154	244
gene_0809	98	124	89	125	131	132	29	30	11	19	39	24	234	235	213	313	152	306
gene_0810	242	251	314	221	268	359	990	1027	973	925	1767	1420	108	128	148	142	112	191
gene_0811	242	267	225	210	200	415	59	83	62	44	79	101	590	562	420	662	332	593
gene_0812	220	201	143	123	120	245	549	557	456	409	787	722	85	79	66	102	72	126
gene_0813	76	69	93	97	99	119	21	33	15	18	30	18	169	176	179	220	151	195
gene_0814	108	67	75	82	75	132	332	314	302	240	512	385	31	33	58	59	35	48
gene_0815	464	253	260	258	362	518	66	101	58	87	92	106	668	911	510	791	783	603
gene_0816	456	356	365	252	311	420	1391	1773	1086	1542	1893	1751	166	227	189	266	166	203
gene_0817	290	244	241	186	188	326	40	70	37	60	86	100	498	575	520	572	429	519
gene_0818	404	443	476	386	272	394	1293	1757	1099	1204	2012	2489	189	238	204	243	219	201
gene_0819	774	569	515	514	516	675	132	156	75	132	203	163	1390	1072	1110	998	776	1501
gene_0820	732	557	687	702	482	864	1866	2132	1812	2137	3180	3031	390	412	252	427	248	212
gene_0821	395	336	518	371	339	547	99	78	83	123	112	79	733	852	784	937	514	799
gene_0822	80	111	107	93	100	114	304	507	296	420	521	565	35	57	66	59	45	63
gene_0823	619	730	791	917	589	795	179	226	170	171	209	208	1845	2056	1297	1575	1337	1282
gene_0824	271	299	294	306	280	408	713	1419	791	1056	1466	1307	128	133	164	130	112	142
gene_0825	331	275	236	267	272	303	76	74	67	57	103	79	550	767	465	822	683	538
gene_0826	243	345	449	298	254	377	942	1353	621	1146	1102	2057	189	217	207	167	153	143
gene_0827	464	523	545	438	356	723	99	141	87	107	150	145	1149	971	1008	1536	840	1168
gene_0828	285	321	232	242	297	452	1122	1057	711	908	1733	1901	199	198	114	192	141	176
gene_0829	606	675	773	630	906	1050	141	151	153	174	159	283	1555	2011	1522	1502	1131	1730
gene_0830	818	623	843	615	777	780	2858	3560	2929	3219	4716	3199	358	572	437	413	303	433
gene_0831	138	149	199	154	130	234	33	55	31	34	48	65	253	339	251	318	297	362
gene_0832	263	263	222	267	250	452	1108	1148	1286	892	1353	1429	158	139	132	176	131	123
gene_0833	158	149	171	221	127	182	25	50	48	36	45	52	293	420	402	361	292	421
gene_0834	706	760	635	455	551	837	2579	2917	2789	2378	3174	2603	355	290	363	350	242	312
gene_0835	342	210	302	241	223	314	48	69	51	65	76	82	373	482	468	701	394	490
gene_0836	423	361	356	282	299	466	1353	1874	1076	856	1782	1361	179	210	176	196	185	176
gene_0837	577	432	409	377	348	584	87	123	91	85	120	130	879	839	344	852	695	838
gene_0838	394	355	383	317	300	332	1307	1190	940	1025	1411	1959	150	166	152	244	158	131
gene_0839	558	470	423	514	442	806	100	161	97	119	142	191	1232	1424	1258	1495	937	1333
gene_0840	408	405	340	334	284	471	1458	1479	1325	1115	2301	2434	238	229	175	256	130	213
gene_0841	372	268	377	269	223	418	58	79	66	90	84	87	648	626	391	626	350	683
gene_0842	110	98	83	77	83	112	348	321	250	290	389	474	64	47	37	54	47	66
gene_0843	140	151	176	126	115	180	27	29	34	31	42	49	223	319	282	317	280	257
gene_0844	692	496	594	583	495	878	2311	2124	2075	2192	3212	2809	186	400	294	484	180	336
gene_0845	250	267	181	157	234	378	67	81	66	42	53	91	460	506	371	455	354	506
gene_0846	329	300	389	420	286	339	942	1279	1088	1010	1197	1629	112	178	152	174	107	138
gene_0847	102	99	85	69	81	127	11	23	20	19	26	19	154	226	133	220	154	177
gene_0848	104	95	129	86	117	151	288	467	426	456	568	648	54	63	58	51	54	68
gene_0849	259	315	334	375	224	446	68	109	44	67	118	120	681	853	678	931	630	812
gene_0850	197	196	227	208	195	300	784	895	645	762	1073	778	117	112	105	186	127	147
gene_0851	508	477	494	534	433	607	114	171	93	63	167	160	1131	1240	1100	982	914	916
gene_0852	607	711	685	632	679	1081	2026	3122	1647	1527	3912	3093	308	435	403	376	296	339
gene_0853	765	445	618	673	528	824	152	205	125	155	216	174	1211	1308	1108	1276	939	1348
gene_0854	201	177	284	184	143	236	875	1010	614	987	884	1279	121	115	97	94	86	129
gene_0855	344	473	381	339	446	390	91	126	72	108	134	118	816	829	847	1045	822	1074
gene_0856	293	200	198	249	204	297	697	928	764	550	1229	838	102	96	98	110	96	133
gene_0857	120	113	163	162	116	149	29	33	20	31	32	53	231	310	289	322	289	221
gene_0858	116	97	162	138	147	162	414	722	374	520	658	754	59	74	69	73	53	59
gene_0859	223	250	273	251	255	278	47	66	63	39	67	77	441	520	484	578	467	622
gene_0860	511	525	613	483	480	842	1329	1988	1518	1830	2565	2285	216	344	229	263	222	228
gene_0861	465	400	503	346	333	689	79	124	64	94	103	109	1322	1066	836	964	845	1000
gene_0862	521	732	433	370	469	696	2225	2685	1608	1664	2614	2452	264	285	234	184	206	347
gene_0863	116	83	89	63	63	85	18	26	30	16	21	40	248	230	154	285	190	218
gene_0864	154	118	125	114	138	164	532	748	327	513	546	695	76	111	75	85	44	124
gene_0865	428	444	435	297	283	497	85	85	84	94	124	117	704	901	748	966	571	609
gene_0866	534	553	541	574	424	462	2134	2159	1708	2090	2958	3256	322	221	272	257	294	324
gene_0867	259	137	172	178	156	217	28	44	30	33	39	36	360	358	325	477	366	362
gene_0868	185	120	148	138	94	192	488	537	436	388	532	669	69	57	52	69	44	77
gene_0869	926	656	989	714	512	1073	169	238	198	185	263	230	1278	1725	1387	2001	1365	1462
gene_0870	160	117	185	120	109	199	403	484	411	259	512	490	77	84	68	61	58	39
gene_0871	279	325	293	351	376	410	71	78	81	61	82	102	806	722	745	764	595	655
gene_0872	175	139	122	123	70	166	502	607	490	400	615	496	58	81	66	85	56	65
gene_0873	685	762	894	930	700	951	210	226	165	181	183	275	1158	1059	1447	1934	1631	1694
gene_0874	189	162	148	133	137	259	491	697	582	552	1075	991	83	80	87	101	62	66
gene_0875	188	137	152	136	135	195	32	33	31	27	59	60	254	251	377	353	349	207
gene_0876	285	231	260	205	173	268	942	916	741	714	1231	1281	108	82	63	162	80	100
gene_0877	758	435	652	513	626	909	128	183	132	127	208	216	1189	985	1047	1200	1231	1046
gene_0878	133	110	132	105	102	132	364	396	400	383	641	497	61	62	47	93	68	49
gene_0879	434	306	554	482	347	450	91	101	75	50	130	111	826	985	862	1056	758	945
gene_0880	62	106	127	63	82	98	377	394	306	266	425	404	40	45	53	47	34	61
gene_0881	447	334	550	418	425	431	64	100	96	64	126	140	873	888	873	1023	646	643
gene_0882	71	66	91	85	96	120	343	358	354	336	354	315	34	44	34	35	31	44
gene_0883	256	288	222	254	276	216	54	58	54	47	71	63	464	489	394	470	431	506
gene_0884	136	146	135	102	77	126	342	453	466	402	464	598	81	58	42	57	42	51
gene_0885	255	180	165	276	188	294	43	84	41	42	80	84	411	457	555	536	476	449
gene_0886	256	285	240	226	215	329	1032	1012	829	919	1678	1441	164	136	181	226	114	150
gene_0887	113	110	111	90	123	147	23	25	34	15	34	26	239	273	312	238	194	305
gene_0888	98	109	108	109	59	95	302	587	412	315	496	428	52	46	53	66	46	44
gene_0889	340	301	389	415	313	405	92	92	70	74	73	69	689	690	518	840	620	569
gene_0890	399	449	383	292	370	400	1049	2088	1179	1290	2000	2422	247	168	146	178	148	266
gene_0891	421	330	394	389	273	408	72	102	91	84	96	111	738	818	670	1102	845	780
gene_0892	210	111	132	123	118	171	526	612	514	463	674	852	66	91	82	86	54	94
gene_0893	134	165	171	229	149	246	27	55	34	32	56	53	319	301	242	319	290	313
gene_0894	567	413	402	382	632	622	2056	2091	1495	1721	2357	3004	269	367	170	409	197	280
gene_0895	207	235	174	232	152	231	45	51	36	30	79	45	488	534	362	462	402	487
gene_0896	268	355	348	327	218	506	1327	1665	944	1391	1657	1505	173	170	110	171	184	156
gene_0897	423	291	656	394	409	471	112	92	86	73	129	93	767	732	747	906	769	897
gene_0898	150	107	147	102	98	147	471	614	394	420	753	395	54	46	72	82	47	42
gene_0899	187	98	162	147	96	185	24	48	27	24	23	51	261	354	320	361	258	299
gene_0900	293	327	368	351	275	501	1196	1604	1142	983	1802	1352	218	195	195	242	199	214
gene_0901	726	701	1078	743	568	1075	166	216	138	165	223	219	89	76	108	85	84	103
gene_0902	214	178	185	189	162	268	620	704	632	505	812	720	1732	1456	1183	2059	1242	1628
gene_0903	931	663	589	744	727	1185	149	158	118	170	140	260	104	123	99	114	75	135
gene_0904	94	89	102	77	76	138	319	322	245	319	557	570	893	708	532	1063	659	742
gene_0905	107	125	127	123	108	148	25	32	23	17	34	32	23	15	7	14	10	19
gene_0906	267	185	262	207	211	294	781	1030	707	590	935	1304	1764	1600	1607	2235	2101	1436
gene_0907	86	113	96	71	92	123	34	28	17	32	42	31	14	12	8	8	11	17
gene_0908	96	78	133	71	83	128	291	349	271	344	524	418	722	751	768	996	533	635
gene_0909	159	102	139	133	103	152	37	26	30	29	21	68	20	19	16	18	11	10
gene_0910	500	521	542	660	447	562	1969	2837	1990	1710	2285	3129	4203	5021	4984	4934	3898	4956
gene_0911	275	231	231	253	192	219	61	48	54	52	53	86	28	37	30	36	25	33
gene_0912	178	157	175	167	204	219	729	1177	668	366	1091	1157	1290	2038	1606	1913	1525	1454
gene_0913	307	275	337	261	261	387	61	84	74	61	64	117	39	44	31	36	32	38
gene_0914	529	499	448	373	303	653	1511	1410	1090	1181	1943	1869	3707	3616	4218	4589	2642	3634
gene_0915	168	178	176	110	102	244	37	38	37	52	45	46	22	21	20	18	15	27
gene_0916	71	66	84	66	80	126	330	353	258	429	378	373	713	539	690	821	611	966
gene_0917	98	104	160	112	126	154	39	28	28	29	31	27	12	16	6	5	12	15
gene_0918	206	69	146	115	102	170	423	693	551	437	511	868	757	1281	846	1228	959	1275
gene_0919	678	521	800	533	549	978	158	150	147	191	178	193	95	77	67	69	54	98
gene_0920	166	151	243	144	153	264	611	586	508	585	873	813	1574	1684	1214	1172	1021	1492
gene_0921	378	358	433	433	328	530	72	58	61	66	93	100	48	58	41	58	36	59
gene_0922	280	173	298	262	244	340	631	1106	844	958	1025	1139	2339	2507	2075	2164	1530	2324
gene_0923	167	100	146	110	117	168	38	43	32	37	49	31	18	30	17	21	15	25
gene_0924	150	129	161	172	160	281	734	1044	491	531	972	959	1348	1699	1415	2132	1503	1571
gene_0925	339	248	297	303	379	429	74	93	50	52	105	76	34	60	32	42	30	28
gene_0926	165	178	145	143	169	268	582	708	677	574	630	680	1407	1367	1247	1533	1108	1578
gene_0927	64	87	126	114	113	143	30	35	15	17	28	28	11	12	18	14	10	19
gene_0928	651	244	450	490	484	543	1219	1899	1775	1617	2010	2310	3346	5427	3505	5745	3050	3543
gene_0929	332	293	262	181	213	407	40	89	62	62	43	83	39	38	23	36	36	33
gene_0930	93	62	74	96	73	116	221	343	240	389	522	425	557	893	725	596	664	835
gene_0931	233	217	198	223	232	369	55	58	33	43	86	65	24	32	43	38	18	29
gene_0932	329	311	297	321	244	301	1096	1209	1061	799	1555	1403	1742	2198	1991	3036	1733	2561
gene_0933	377	454	356	399	292	429	71	101	79	56	92	100	35	54	33	36	43	43
gene_0934	136	121	142	176	138	186	521	788	433	563	981	795	1418	1158	1310	1163	801	1113
gene_0935	142	137	178	166	124	151	24	45	29	30	56	56	26	18	13	30	18	20
gene_0936	373	468	452	404	497	629	1979	2382	1687	1944	2289	2239	4197	4003	5241	5727	3698	3321
gene_0937	215	224	248	223	275	297	48	69	44	22	99	80	50	40	26	24	22	32
gene_0938	95	99	84	137	68	122	364	406	260	366	602	557	646	732	762	1012	601	714
gene_0939	740	682	607	802	506	910	150	163	169	176	230	247	77	126	106	112	58	77
gene_0940	187	181	179	195	187	218	794	909	577	734	1143	1246	1515	1933	2073	1771	1278	1837
gene_0941	284	378	330	291	251	392	69	64	49	81	75	71	47	34	56	45	32	47
gene_0942	116	86	72	99	72	120	162	423	365	267	342	538	600	792	499	923	575	922
gene_0943	105	72	62	60	61	104	22	36	22	9	22	29	13	17	6	9	10	18
gene_0944	190	258	216	332	207	464	701	856	681	810	1019	1105	1879	2368	1673	2764	1701	1812
gene_0945	168	120	191	137	184	186	34	54	33	47	37	67	24	30	17	19	12	18
gene_0946	295	300	201	278	220	381	724	1036	860	856	1043	988	1990	2915	1199	2874	1940	2131
gene_0947	505	347	463	347	315	540	81	136	80	92	132	143	57	44	53	62	64	54
gene_0948	104	128	87	83	71	92	237	387	263	282	438	522	582	880	448	791	700	553
gene_0949	76	92	90	56	62	112	14	27	19	18	14	27	11	9	6	16	10	14
gene_0950	448	564	421	345	420	583	1543	1978	1185	1300	2238	1890	2700	3766	3164	4058	3129	2853
gene_0951	87	98	70	70	68	122	29	26	10	12	32	22	6	6	11	7	8	10
gene_0952	130	125	74	136	105	90	443	577	364	401	669	634	939	1304	955	1162	607	1289
gene_0953	565	361	352	393	289	425	85	118	71	70	119	96	50	42	61	60	47	62
gene_0954	510	558	697	467	491	858	2289	2154	1994	2966	2809	3642	6364	5115	5036	5377	4846	4515
gene_0955	429	387	375	382	323	548	87	107	102	78	159	124	55	58	47	59	59	34
gene_0956	90	102	121	74	100	125	361	542	401	406	526	487	801	807	770	933	749	1035
gene_0957	177	162	161	151	145	197	32	66	41	33	50	49	21	34	21	21	17	16
gene_0958	275	242	312	256	269	335	689	1056	886	851	1086	1560	2238	2197	1884	2158	1994	1655
gene_0959	781	474	567	643	349	886	107	152	102	125	209	168	90	110	90	93	79	69
gene_0960	125	103	117	84	93	150	366	449	241	218	438	462	828	866	886	1135	800	673
gene_0961	218	208	143	147	179	187	50	64	35	49	35	61	15	20	10	23	12	21
gene_0962	390	479	443	447	456	560	1787	2260	1422	1608	1821	3023	5414	3848	3139	4753	3434	4196
gene_0963	267	327	341	242	298	390	52	73	64	72	100	95	28	31	28	39	24	33
gene_0964	180	114	156	146	160	176	549	763	415	511	861	678	1364	1486	1131	1415	1116	1514
gene_0965	460	425	432	310	467	519	56	157	83	85	91	97	59	63	62	43	50	37
gene_0966	296	202	230	141	98	220	554	700	621	512	926	1036	1300	1840	1592	2207	1210	1687
gene_0967	175	164	203	140	145	193	30	57	28	46	59	39	17	24	16	22	23	18
gene_0968	281	196	283	194	277	244	865	1330	795	1074	1501	1278	2962	2074	1992	2743	1461	2127
gene_0969	129	96	98	89	83	148	27	26	19	19	36	33	20	14	14	26	8	20
gene_0970	65	62	77	76	59	122	359	424	263	329	322	360	698	714	535	773	657	730
gene_0971	176	91	135	114	116	160	25	38	19	39	39	57	17	14	13	16	20	12
gene_0972	224	211	218	138	164	285	698	915	595	538	812	899	1155	1681	1995	1793	1614	2011
gene_0973	116	74	65	70	84	96	22	25	20	9	18	24	10	15	17	24	7	6
gene_0974	497	434	442	472	401	846	1896	3147	1616	1968	3357	2860	4208	6787	4499	7412	3452	4936
gene_0975	224	186	177	184	154	185	29	62	45	30	71	63	25	23	24	20	20	24
gene_0976	630	502	670	517	560	861	2086	2532	1934	2038	2659	2849	6076	5359	4147	5858	4043	5312
gene_0977	372	359	361	203	361	431	79	115	105	78	98	149	63	58	44	37	48	48
gene_0978	473	426	505	439	447	605	1636	2063	1699	1622	2166	2623	3699	4627	4631	3467	3842	4155
gene_0979	94	84	113	76	76	77	10	28	16	18	35	27	15	16	11	17	8	15
gene_0980	213	187	180	157	175	240	484	687	540	658	1063	1099	1175	1225	1600	1063	1146	1814
gene_0981	126	78	81	110	98	145	32	38	23	21	33	43	10	14	7	12	14	16
gene_0982	314	201	246	213	227	288	834	992	782	954	1090	962	2505	1876	1466	1974	2018	2221
gene_0983	169	142	156	163	142	178	43	34	36	31	56	56	24	16	14	20	18	28
gene_0984	587	662	680	581	605	973	2686	2215	1961	2071	4972	3967	4427	5253	4496	7789	3352	5215
gene_0985	548	541	574	656	478	652	169	150	126	139	203	212	82	123	41	103	68	57
gene_0986	139	128	152	124	174	216	663	619	388	459	812	800	1045	1473	1385	1556	997	835
gene_0987	94	119	97	88	94	164	24	26	13	19	31	21	6	19	12	9	10	12
gene_0988	180	181	162	157	134	224	602	828	412	573	715	1096	1280	906	1124	1556	1154	1134
gene_0989	716	602	767	562	425	778	140	199	104	85	211	273	77	70	69	67	89	80
gene_0990	812	507	510	561	508	1182	3162	3024	2321	2335	4228	2530	5487	6060	6204	6745	3934	5457
gene_0991	824	491	534	332	588	1007	99	184	120	104	257	180	83	54	50	74	58	80
gene_0992	268	207	275	279	262	384	736	1150	955	820	1175	801	1970	2090	1958	1659	1898	1907
gene_0993	86	83	92	96	126	156	26	25	25	30	34	32	19	12	14	12	12	14
gene_0994	143	111	134	137	102	126	396	368	330	477	621	523	1098	855	800	1631	843	868
gene_0995	846	614	578	527	559	824	166	179	123	126	239	130	88	76	64	86	77	90
gene_0996	131	109	132	103	113	219	491	369	348	566	707	512	892	1819	1143	1514	863	1078
gene_0997	221	215	244	231	176	178	54	34	30	52	54	64	20	33	23	25	16	26
gene_0998	761	652	1088	743	598	1068	1649	3831	1651	2561	3926	3270	7330	6262	5688	5256	5466	4880
gene_0999	326	337	300	264	306	364	87	79	52	92	95	123	41	53	31	42	43	52
gene_1000	726	695	596	630	605	826	2089	3091	2176	1386	2601	3294	5623	4720	6396	5183	4605	5503
gene_1001	384	225	305	336	226	427	78	68	96	56	103	131	51	60	50	67	52	40
gene_1002	497	312	245	220	279	300	1025	944	490	861	1394	915	2193	1648	1964	2925	1779	2544
gene_1003	112	92	135	125	105	148	20	23	31	21	30	33	10	9	16	25	8	17
gene_1004	99	73	87	44	82	113	262	357	312	254	550	443	838	643	625	1025	607	525
gene_1005	116	118	90	99	107	138	17	40	31	21	35	36	31	19	19	20	9	10
gene_1006	791	542	576	446	570	809	1648	2173	1491	1674	2595	2498	4613	4532	3739	7690	4017	6209
gene_1007	173	184	156	167	165	285	43	57	39	50	38	58	17	27	20	24	24	16
gene_1008	453	367	351	376	340	545	1482	2043	1381	1355	1853	2081	3179	3324	3099	4093	2883	3543
gene_1009	81	99	102	108	102	143	23	24	12	24	26	39	9	16	20	11	12	16
gene_1010	843	607	925	727	597	972	2680	3955	2571	2328	4552	4515	5709	8788	6579	7644	4268	7880
gene_1011	301	323	252	209	276	364	42	58	55	50	96	93	35	48	23	55	37	30
gene_1012	162	146	137	109	105	139	536	571	333	408	536	376	1051	1265	1012	1086	899	784
gene_1013	259	200	202	188	153	272	40	42	24	30	43	61	32	35	31	32	27	27
gene_1014	196	131	122	142	180	251	594	689	588	548	1060	1057	1899	1366	1128	1846	1453	924
gene_1015	223	225	259	213	204	261	34	59	37	53	68	71	19	33	27	40	29	21
gene_1016	47	77	100	107	91	144	339	340	319	217	339	404	828	672	675	764	636	583
gene_1017	720	721	941	549	540	740	142	233	129	109	257	294	106	88	102	101	79	70
gene_1018	215	163	182	175	169	297	848	786	841	770	871	1001	1690	1540	1698	1866	958	1520
gene_1019	120	125	147	121	98	167	17	38	22	31	30	47	19	27	23	17	15	23
gene_1020	127	113	102	117	133	251	473	493	345	628	586	705	823	1144	919	1271	916	1037
gene_1021	668	855	638	538	416	843	160	187	172	144	217	214	64	74	87	117	91	78
gene_1022	295	322	344	314	284	341	1122	1448	913	1133	1843	1654	2612	3127	2377	3919	3410	3256
gene_1023	118	101	104	117	95	134	29	39	32	33	35	33	13	17	14	16	9	17
gene_1024	192	174	197	128	145	235	682	802	549	699	833	1105	1144	2080	1462	1884	1690	1684
gene_1025	174	157	115	148	93	196	19	36	19	40	40	34	18	20	15	15	16	14
gene_1026	353	396	454	307	277	491	1429	1196	1308	1318	1920	1719	2734	3200	2560	3893	2695	2536
gene_1027	340	561	601	352	433	672	100	132	81	136	174	121	76	70	42	65	47	71
gene_1028	186	187	170	186	128	257	591	984	690	571	881	989	1079	1879	1567	2044	1279	1379
gene_1029	555	503	291	340	518	585	99	105	104	80	126	137	40	63	64	75	60	82
gene_1030	207	187	132	130	146	165	687	643	622	661	879	733	1504	1602	1598	2008	1046	1450
gene_1031	571	643	538	472	678	696	116	137	122	154	202	248	91	99	65	155	105	116
gene_1032	192	170	213	174	220	310	684	717	705	813	1005	913	1563	1773	1611	1871	1282	1468
gene_1033	158	104	116	119	110	137	27	37	13	27	32	33	15	25	19	19	12	16
gene_1034	335	249	406	279	294	520	1065	1443	980	1057	1683	1299	2316	1953	3089	3648	1726	1828
gene_1035	132	130	117	127	92	124	29	29	32	14	26	28	16	14	9	12	7	13
gene_1036	232	271	310	282	223	291	692	882	774	813	1315	1292	1601	1520	1185	2362	2080	1897
gene_1037	84	143	157	148	125	179	35	18	27	27	42	45	22	22	11	17	20	15
gene_1038	521	552	631	755	519	832	2243	2260	1781	1989	2740	2142	5695	5524	4554	4999	4213	4107
gene_1039	468	402	563	504	425	598	92	131	96	77	129	100	39	76	59	88	60	60
gene_1040	484	422	556	466	239	676	1486	1982	1256	1436	1936	2146	3521	3598	2208	4484	2954	4854
gene_1041	143	118	120	112	129	206	21	40	23	20	51	46	19	13	18	20	11	12
gene_1042	237	193	210	122	168	265	747	841	500	421	751	1097	1610	1459	1126	1621	1545	1406
gene_1043	89	100	76	81	55	106	16	24	25	13	32	22	5	8	8	10	8	17
gene_1044	225	216	220	252	146	365	826	795	816	677	1131	1007	1909	2015	1218	1927	1736	2225
gene_1045	512	732	612	535	661	674	93	153	120	188	189	212	68	81	76	107	53	61
gene_1046	149	130	154	105	123	210	536	621	689	456	837	780	1141	1367	1325	1631	1095	1028
gene_1047	731	628	648	862	922	902	134	178	135	136	206	298	79	150	104	96	86	101
gene_1048	75	105	99	78	113	146	271	536	195	308	480	479	976	833	1067	1040	694	712
gene_1049	363	226	301	259	239	412	65	77	71	46	149	116	36	51	30	45	40	26
gene_1050	587	531	638	482	541	888	2356	1913	1714	2083	3917	2426	4030	5005	5062	5857	3585	5978
gene_1051	624	590	538	642	543	925	169	185	113	120	149	215	75	74	92	107	70	71
gene_1052	264	224	263	202	190	229	633	753	714	825	1229	1093	1719	1406	2097	1957	1326	1127
gene_1053	1057	601	958	568	601	1104	153	182	180	144	142	239	95	69	86	88	74	99
gene_1054	184	150	189	173	146	246	706	886	574	420	730	722	1446	1707	1195	1662	1455	1105
gene_1055	92	83	89	118	76	138	10	29	20	27	29	29	11	13	7	13	16	3
gene_1056	477	490	576	717	378	647	1855	2038	1666	1646	1816	2829	4946	4009	3768	4477	2591	4671
gene_1057	133	100	131	103	104	174	23	36	33	28	36	30	21	16	19	20	17	21
gene_1058	205	162	190	132	187	220	689	595	629	694	971	973	1498	1533	1628	1382	1423	1508
gene_1059	571	521	753	767	715	1016	184	246	175	171	239	161	118	151	89	63	71	89
gene_1060	199	223	228	196	164	263	572	798	715	799	981	1131	1896	2283	1435	2127	1581	1453
gene_1061	280	278	266	214	316	369	36	87	62	73	76	87	30	38	29	29	31	36
gene_1062	109	59	107	62	89	123	320	360	321	289	509	420	523	743	653	686	668	1068
gene_1063	93	86	103	77	107	136	19	28	26	25	27	50	18	11	14	15	7	15
gene_1064	418	419	571	307	463	502	1356	1755	1105	1396	1998	2167	2335	3575	3152	4611	4301	3639
gene_1065	314	185	304	245	222	332	55	66	34	54	53	80	33	42	38	40	19	42
gene_1066	68	121	164	125	103	127	313	494	361	404	630	547	1162	714	1013	1215	908	1257
gene_1067	439	306	384	454	240	577	74	85	75	90	90	100	48	42	44	65	24	54
gene_1068	164	170	147	116	104	181	500	769	597	426	866	781	1658	1278	1261	1565	1006	1178
gene_1069	531	492	572	533	580	587	146	131	135	116	189	160	67	78	49	68	47	52
gene_1070	171	233	226	175	191	297	547	921	801	556	713	1058	1644	1859	1480	1980	1081	1456
gene_1071	199	161	260	207	202	259	49	65	37	70	56	89	36	27	26	36	14	27
gene_1072	99	72	117	74	88	130	277	480	250	292	405	347	647	823	708	863	442	597
gene_1073	221	177	128	130	90	234	34	39	29	54	34	57	19	15	21	18	28	20
gene_1074	237	303	213	217	250	328	1007	1261	664	697	961	1513	2068	2879	1542	2407	1592	2341
gene_1075	437	400	277	344	428	580	77	121	94	94	117	133	46	42	56	69	48	69
gene_1076	111	120	138	96	105	104	348	489	342	465	603	687	1277	1145	1044	914	695	646
gene_1077	99	152	117	115	104	243	27	25	21	19	51	50	15	12	15	13	20	20
gene_1078	151	113	157	129	158	185	650	619	572	455	881	809	1219	1488	983	1402	1088	1045
gene_1079	83	127	143	97	86	151	34	26	25	29	39	66	13	14	9	22	7	17
gene_1080	613	743	816	610	606	598	2126	2760	1764	2268	3032	5006	5341	5089	4345	5827	4887	5642
gene_1081	127	77	94	71	111	144	26	37	19	24	32	33	12	16	8	12	12	17
gene_1082	155	156	137	144	99	229	557	627	437	564	755	756	1051	1286	1015	1529	1129	1085
gene_1083	127	100	70	71	78	140	13	15	28	13	32	35	16	18	13	12	14	7
gene_1084	100	113	127	165	116	137	331	587	335	441	584	584	962	1488	1144	1277	939	1046
gene_1085	690	675	550	326	733	823	124	201	102	131	207	191	71	121	115	80	75	85
gene_1086	267	213	219	280	174	241	745	925	685	721	1338	1490	1821	2199	1833	2288	1515	2287
gene_1087	377	333	396	320	394	390	59	77	74	58	113	113	37	51	45	49	45	51
gene_1088	125	178	139	124	116	130	386	658	477	651	798	751	1174	1120	906	1299	1062	1055
gene_1089	334	366	397	327	256	565	67	95	53	66	85	70	56	45	44	42	37	36
gene_1090	231	168	181	143	203	276	660	819	479	672	1044	1026	1495	1544	1724	1989	1489	1903
gene_1091	81	74	89	76	93	96	19	15	29	24	19	32	11	7	6	16	8	7
gene_1092	333	195	312	220	277	339	980	1030	858	1121	1482	1338	1621	2496	1886	2016	1219	2122
gene_1093	875	444	623	560	436	698	105	234	98	249	171	159	94	93	70	97	69	80
gene_1094	125	99	97	63	79	117	283	382	259	354	531	444	750	983	606	716	763	630
gene_1095	102	85	119	111	109	144	24	28	17	28	26	36	17	10	15	25	10	20
gene_1096	225	245	218	247	209	337	729	1270	798	719	1408	1222	2293	2292	1660	3001	1834	2278
gene_1097	177	217	225	227	151	357	46	83	43	31	87	102	23	31	28	38	27	30
gene_1098	552	490	642	692	631	735	3568	2701	2015	2050	3518	3611	5532	5661	5082	4826	4506	8390
gene_1099	120	84	133	100	92	133	16	22	20	20	31	24	17	11	14	12	15	19
gene_1100	503	431	567	550	342	627	1878	2304	1140	1966	2324	3175	4608	2982	4304	5196	3071	4755
gene_1101	242	144	164	120	159	172	26	35	38	35	45	32	27	19	14	17	22	24
gene_1102	239	211	274	217	209	254	863	1039	840	1017	1219	1504	1980	2305	1396	2729	1961	1317
gene_1103	692	658	490	450	378	792	157	123	130	86	163	218	64	49	77	96	54	63
gene_1104	395	266	424	276	287	517	1261	1106	975	1194	1789	1295	1858	3501	2201	2586	3174	2344
gene_1105	756	633	805	614	555	872	128	188	155	111	199	221	77	74	98	102	80	117
gene_1106	454	576	335	321	317	577	1207	1548	1350	1140	2089	1854	3174	3308	3496	3655	2649	3243
gene_1107	302	243	366	250	253	325	62	93	72	41	92	96	32	51	43	40	35	33
gene_1108	133	196	172	154	149	288	464	741	539	629	762	828	1041	1172	1676	1902	1348	1295
gene_1109	460	331	353	270	239	317	65	58	69	50	72	103	39	38	55	38	29	44
gene_1110	154	209	223	174	157	198	614	747	484	599	899	939	1958	1391	1015	1747	1439	1672
gene_1111	238	265	356	310	204	326	60	48	54	37	59	79	33	40	22	13	18	42
gene_1112	187	170	177	121	129	272	760	595	642	836	971	1160	1293	1791	1058	1835	1490	1978
gene_1113	254	253	225	246	224	328	47	92	60	55	77	66	48	30	28	47	31	44
gene_1114	375	240	263	178	249	402	870	1190	940	920	1347	1337	2159	2696	2256	3209	2046	2417
gene_1115	263	188	219	220	212	234	38	51	30	50	85	70	34	36	31	38	22	28
gene_1116	108	102	107	93	102	169	294	496	398	349	655	513	890	1055	1201	1149	682	1194
gene_1117	492	501	360	492	425	429	111	118	74	116	90	141	61	58	31	59	44	62
gene_1118	144	224	147	175	150	317	721	829	462	730	913	930	2116	2364	1694	2343	1268	1898
gene_1119	473	390	487	484	389	543	76	140	81	96	111	115	60	66	55	60	56	48
gene_1120	167	136	108	151	118	216	395	695	418	336	563	704	924	1042	969	1200	1106	935
gene_1121	395	326	271	283	289	574	66	95	84	63	90	102	53	52	38	65	46	46
gene_1122	238	176	172	110	123	263	829	676	579	640	1106	1020	1691	1288	1602	1638	1238	1448
gene_1123	165	153	127	124	113	251	22	39	37	26	49	42	14	15	18	29	10	17
gene_1124	342	361	419	306	423	516	1077	2206	1043	1444	1755	2036	3229	4169	2071	3505	2859	3793
gene_1125	285	228	257	283	309	261	47	77	65	80	79	76	40	45	37	33	25	31
gene_1126	345	351	260	232	258	388	851	1348	656	1031	1347	1168	1916	2203	1785	2390	1592	2817
gene_1127	456	482	456	497	283	465	72	123	81	78	139	149	75	57	49	65	45	47
gene_1128	129	194	150	177	108	166	532	562	422	459	906	845	1142	1178	1110	1354	1188	1613
gene_1129	176	83	117	128	96	177	28	33	30	27	36	43	15	12	11	13	16	23
gene_1130	755	501	722	470	598	671	1931	2742	1912	2353	2651	2755	5660	4641	3205	4447	4183	5637
gene_1131	741	796	706	524	717	763	139	226	137	137	204	214	74	151	71	104	64	88
gene_1132	291	238	251	364	267	421	688	1093	1018	775	1375	1281	2001	2449	2155	2790	1320	2065
gene_1133	245	205	194	350	258	326	61	85	51	41	102	83	36	42	43	46	29	33
gene_1134	644	821	663	632	601	899	2717	2679	1820	1872	2708	3608	6732	4833	6036	7099	4425	4648
gene_1135	293	421	401	363	269	458	70	84	71	56	123	85	61	29	36	61	48	33
gene_1136	772	683	672	408	630	901	3122	2637	2417	2000	3571	3132	8287	7254	5413	8978	4852	5774
gene_1137	374	312	347	323	297	423	48	94	52	101	80	138	31	45	36	49	27	27
gene_1138	204	212	186	179	241	289	704	950	614	798	772	1121	1615	2229	1799	1360	1221	1422
gene_1139	120	108	90	81	84	108	26	23	10	22	34	16	18	15	8	18	7	21
gene_1140	228	225	252	285	274	340	1101	1068	912	645	1546	1711	2224	1883	2152	1901	1922	2059
gene_1141	584	623	593	587	538	693	107	206	109	156	172	139	99	88	76	100	77	67
gene_1142	339	322	324	332	222	465	1115	1492	902	1155	1409	1686	2761	2739	2557	3666	1682	2406
gene_1143	229	182	258	175	228	332	53	63	57	53	80	80	24	29	42	45	35	18
gene_1144	285	266	253	246	255	308	960	1464	886	846	1775	1349	2004	2904	1791	2914	2034	2459
gene_1145	931	718	734	618	584	1039	124	177	136	104	269	197	85	101	77	93	110	109
gene_1146	827	657	535	650	757	1313	2667	4272	2549	2662	3841	3244	7629	6095	4816	6701	4579	6795
gene_1147	832	1058	791	931	566	1178	198	202	167	187	198	202	119	104	93	117	98	95
gene_1148	720	546	848	524	638	754	3036	2607	2353	2314	3880	4082	5162	5766	5317	6065	4185	5010
gene_1149	472	315	305	261	360	395	82	99	77	69	69	101	51	54	29	63	42	30
gene_1150	109	154	225	151	124	194	719	521	473	592	646	750	1690	1612	873	1032	1181	942
gene_1151	207	161	197	162	110	208	24	52	32	29	55	38	9	24	25	22	15	22
gene_1152	406	340	452	309	265	583	1559	1583	1208	1196	1913	2148	3203	3242	3339	3656	2854	3138
gene_1153	407	326	331	356	282	427	73	93	105	67	101	97	39	43	44	46	34	47
gene_1154	488	474	552	427	475	566	1661	1724	1057	1628	2603	2506	4373	3288	2701	3858	2512	4526
gene_1155	67	70	86	84	58	87	19	19	12	13	22	29	7	7	14	8	9	5
gene_1156	618	635	857	445	506	794	2231	2975	1633	1661	3401	3502	6651	6065	3875	6134	3224	4802
gene_1157	463	410	360	386	296	523	77	108	72	72	122	93	42	62	42	50	53	55
gene_1158	198	191	239	198	158	262	690	928	762	512	725	1500	2098	2240	1585	1912	1519	2170
gene_1159	320	304	288	331	298	528	86	99	73	53	102	97	39	44	38	38	40	39
gene_1160	596	616	746	540	555	1143	2002	2860	1999	1896	4196	2817	4399	3800	5020	5833	6055	3941
gene_1161	606	471	573	500	533	620	96	171	96	114	135	158	79	70	84	97	56	44
gene_1162	424	517	421	586	399	628	1780	2097	1660	1021	2541	1838	4376	4779	3390	4480	2866	4534
gene_1163	124	131	121	140	92	156	35	35	19	33	41	23	16	19	8	23	10	13
gene_1164	622	347	469	443	370	583	1524	2103	1231	1379	2196	1777	3447	3391	2729	4092	3091	3180
gene_1165	134	70	63	63	106	107	19	17	12	18	21	37	15	9	12	13	7	12
gene_1166	318	306	283	274	214	529	1206	1182	927	828	1481	1652	2401	2595	3043	3435	2333	3024
gene_1167	448	434	379	288	304	460	73	77	71	76	205	121	44	61	40	53	52	35
gene_1168	85	97	104	77	84	115	304	380	320	385	456	481	966	928	727	935	782	978
gene_1169	165	163	165	116	128	175	27	32	28	23	30	30	28	15	12	16	15	26
gene_1170	913	589	941	710	525	825	1875	3204	2010	2488	4222	3385	6813	5850	7391	7094	4172	8167
gene_1171	179	165	225	143	125	226	34	55	40	25	44	50	16	18	21	33	13	19
gene_1172	404	433	431	323	277	592	1249	2016	1519	1649	2336	2126	3815	3770	3731	5522	3392	2693
gene_1173	275	182	127	156	210	276	46	38	30	31	53	53	31	25	23	49	28	32
gene_1174	264	316	457	303	323	414	1326	1860	1526	1123	1726	1754	3519	3381	2054	3412	2354	2537
gene_1175	293	239	301	226	250	343	66	68	48	55	67	88	22	36	31	37	20	41
gene_1176	120	110	100	114	64	132	240	466	333	419	387	368	955	882	557	820	553	835
gene_1177	87	82	105	90	97	110	18	25	8	34	18	31	9	13	16	13	6	17
gene_1178	368	285	381	253	241	372	991	1233	755	913	1497	1264	3130	2372	2168	2813	1357	2819
gene_1179	425	330	451	327	388	472	88	101	63	88	96	146	55	42	55	63	43	53
gene_1180	550	349	396	358	346	480	1513	1816	1035	1868	1915	2442	4267	4656	4157	3981	2534	3180
gene_1181	109	136	160	144	135	116	19	49	21	37	39	41	14	17	18	11	8	17
gene_1182	521	495	375	474	549	625	1851	2253	1816	1527	2255	2152	4074	6417	3827	6596	3546	4109
gene_1183	631	472	342	430	489	617	90	131	80	66	135	166	95	66	41	81	39	60
gene_1184	212	202	208	226	142	333	738	861	669	575	819	874	1257	1737	1566	2885	1525	2298
gene_1185	284	205	251	166	170	331	48	50	42	44	65	69	22	36	24	37	23	24
gene_1186	116	104	89	112	98	156	317	595	386	369	533	573	715	974	623	1095	763	989
gene_1187	158	161	255	223	216	226	38	38	42	23	58	61	20	33	16	27	12	31
gene_1188	663	447	506	504	448	552	1933	2091	2034	1646	2730	2673	4340	4318	3838	3368	4111	4230
gene_1189	239	218	330	279	215	284	62	94	51	50	67	70	33	36	40	46	40	54
gene_1190	668	564	684	475	597	784	1612	2582	1907	1573	3593	2271	4327	4962	4555	5061	4202	4109
gene_1191	745	776	810	939	681	1206	175	200	130	186	204	231	97	93	79	113	87	126
gene_1192	416	410	429	413	462	647	1527	2024	1535	1861	2948	2901	4974	5002	4220	3577	3566	4163
gene_1193	112	73	80	105	95	120	29	19	26	26	23	19	10	16	10	14	4	10
gene_1194	82	81	61	61	54	104	218	284	156	319	338	377	679	750	705	705	687	603
gene_1195	283	282	305	261	300	371	57	76	33	68	91	93	39	34	34	36	32	38
gene_1196	136	201	175	123	96	135	313	648	435	367	812	590	933	726	679	1305	778	1212
gene_1197	151	110	130	114	87	202	32	40	24	32	41	44	15	13	12	22	10	27
gene_1198	95	103	82	113	87	140	487	533	360	343	539	421	1091	930	990	875	1011	1081
gene_1199	379	305	338	227	269	328	92	81	48	86	119	123	37	49	48	36	36	36
gene_1200	678	506	541	398	510	614	2533	2470	1933	2393	2872	2974	5190	5102	5217	5787	3757	2816
gene_1201	291	433	492	347	309	374	77	91	94	81	90	110	72	104	73	101	73	75
gene_1202	73	88	75	75	66	130	216	452	233	262	389	466	313	286	396	332	291	387
gene_1203	112	184	142	129	114	152	25	46	19	24	50	30	36	44	48	44	30	28
gene_1204	575	580	541	431	442	578	1710	2402	1072	1592	2102	2068	1921	1868	2742	2219	1369	1366
gene_1205	380	415	344	416	269	521	102	104	77	84	101	87	94	127	107	140	47	131
gene_1206	107	116	137	133	111	123	368	444	369	472	689	692	440	611	511	545	489	677
gene_1207	152	93	111	63	85	149	13	29	24	40	27	39	30	37	20	41	29	37
gene_1208	548	586	753	710	863	1070	2623	3207	2303	3754	3069	3927	3332	3057	1714	2544	2409	2434
gene_1209	633	748	747	833	816	948	92	201	169	170	253	210	161	206	203	224	165	154
gene_1210	743	523	456	660	461	775	2043	2127	1511	1665	2766	3272	2537	2576	2448	3131	1914	2886
gene_1211	418	299	206	234	199	297	60	70	40	52	71	72	64	77	64	70	55	86
gene_1212	400	307	541	348	369	758	1488	2406	1406	1359	2173	2227	2171	2416	1911	2079	2560	1586
gene_1213	122	128	161	103	97	184	44	33	30	30	32	42	27	32	43	61	22	40
gene_1214	132	84	99	101	86	135	475	584	434	334	554	418	513	482	375	483	342	434
gene_1215	347	478	522	419	417	546	144	144	112	104	145	127	128	124	126	140	150	99
gene_1216	217	232	232	177	118	248	851	680	465	583	1002	1048	1156	845	794	1076	728	1069
gene_1217	321	391	352	415	344	468	71	80	75	52	120	105	124	101	106	138	85	143
gene_1218	208	206	240	207	213	272	732	1132	511	820	1072	1154	1158	965	1018	1135	973	930
gene_1219	634	443	434	371	526	633	101	187	90	149	160	157	127	125	121	153	98	138
gene_1220	336	262	397	349	231	402	1045	1199	803	690	1531	1261	1204	1364	1273	1594	935	1059
gene_1221	278	178	236	266	162	291	28	58	33	57	91	75	52	51	51	83	60	60
gene_1222	183	186	188	182	166	278	743	857	817	659	1197	1156	936	1069	910	1116	862	1120
gene_1223	165	155	133	139	192	234	50	40	38	30	45	71	50	44	35	55	33	34
gene_1224	214	169	186	261	259	238	630	739	829	733	934	1119	1012	1038	822	1019	973	741
gene_1225	237	189	136	162	162	250	37	56	46	21	52	58	38	52	48	81	30	53
gene_1226	126	152	124	127	100	127	401	549	446	525	678	650	677	628	403	724	410	522
gene_1227	169	170	222	174	136	270	35	53	41	29	52	61	33	37	44	45	46	37
gene_1228	269	222	370	283	232	193	888	959	943	823	1473	1308	1000	849	929	1450	604	1105
gene_1229	75	99	91	76	95	112	19	23	16	13	19	24	30	27	17	25	30	36
gene_1230	663	713	508	774	684	775	3039	3117	1276	3085	3354	3395	2096	3086	2638	3854	3295	2990
gene_1231	231	297	371	159	256	220	65	68	64	55	90	98	72	70	75	74	46	62
gene_1232	170	162	142	148	146	199	525	589	563	506	920	911	680	654	705	776	489	732
gene_1233	406	357	547	478	272	536	86	96	74	72	134	111	98	72	85	95	61	114
gene_1234	141	120	153	133	104	149	502	548	492	415	817	689	537	761	444	865	470	496
gene_1235	372	400	356	457	469	683	107	131	108	66	141	121	110	110	121	137	154	118
gene_1236	337	231	264	262	186	411	897	1084	1269	1196	1028	1301	790	1239	935	1550	975	1204
gene_1237	324	257	237	164	226	484	51	61	70	55	77	77	78	69	74	85	46	72
gene_1238	100	122	135	112	119	174	291	331	370	559	811	682	474	467	482	651	375	361
gene_1239	413	477	527	325	375	593	118	128	81	95	121	169	96	124	108	100	78	133
gene_1240	129	96	84	81	87	162	323	322	308	312	451	575	317	378	398	405	369	387
gene_1241	236	246	311	186	275	303	72	96	38	41	54	72	47	67	37	60	57	67
gene_1242	96	84	90	85	62	101	395	397	211	286	344	431	326	306	295	544	325	334
gene_1243	258	308	220	206	260	357	72	62	42	59	58	82	58	53	59	85	85	49
gene_1244	760	555	676	471	413	727	2811	2763	2123	2123	3246	2941	2646	2530	2158	4044	1818	3505
gene_1245	385	524	502	446	468	869	107	167	69	90	155	164	99	150	142	183	126	140
gene_1246	541	495	484	342	389	603	1614	2137	1960	1374	2508	3743	2158	1314	1758	2022	2033	2197
gene_1247	111	122	161	123	126	133	33	47	25	26	53	40	36	48	18	40	33	54
gene_1248	560	637	594	443	681	726	1776	2029	1990	1792	3591	3133	2537	2302	1936	3062	1726	3185
gene_1249	265	211	247	242	266	287	55	83	48	48	112	132	54	87	107	85	65	70
gene_1250	414	334	372	253	340	358	1445	1586	963	1239	1531	1829	1586	1619	1063	1598	901	1482
gene_1251	131	130	133	114	109	149	23	40	47	38	38	53	30	24	44	56	24	28
gene_1252	191	261	213	228	200	240	591	1157	564	821	1113	972	793	1201	842	848	609	1031
gene_1253	115	93	101	102	84	114	16	17	28	17	37	48	29	21	34	30	19	32
gene_1254	677	706	1132	520	546	850	2493	2498	2591	2581	3500	2966	2801	2613	2758	3140	2827	3344
gene_1255	96	57	76	52	109	151	9	21	22	27	20	28	19	26	25	23	27	17
gene_1256	139	143	68	110	125	174	419	514	301	323	652	598	584	425	505	404	402	526
gene_1257	327	221	158	190	148	289	48	50	42	33	31	64	65	51	60	66	61	69
gene_1258	100	58	68	46	73	132	277	388	297	257	374	500	372	355	355	293	333	287
gene_1259	345	243	243	239	191	366	66	65	43	57	107	87	88	73	70	115	97	72
gene_1260	107	134	109	104	71	142	287	460	258	383	636	404	465	405	356	572	331	368
gene_1261	319	278	189	201	276	368	53	88	56	59	63	98	83	72	59	72	53	73
gene_1262	249	234	217	205	162	272	618	868	630	899	987	998	953	774	843	855	516	867
gene_1263	503	474	689	626	621	726	157	158	133	192	218	176	189	204	143	148	164	139
gene_1264	326	338	369	281	294	280	1222	1270	993	1305	1304	1677	1106	1278	1544	1606	1207	1392
gene_1265	206	160	127	118	143	240	41	38	37	22	47	43	29	44	38	49	39	46
gene_1266	337	225	346	270	285	364	845	1015	931	954	1389	940	1066	912	1070	1061	681	1141
gene_1267	496	433	435	446	452	700	128	115	92	54	179	128	128	156	128	159	88	112
gene_1268	162	120	119	128	116	186	310	623	285	364	533	596	394	613	465	719	307	508
gene_1269	284	289	364	261	223	440	82	79	54	56	114	91	57	71	77	91	90	64
gene_1270	113	87	109	132	159	178	590	417	393	432	521	757	606	508	398	537	360	532
gene_1271	113	128	117	90	70	103	17	31	14	28	42	33	16	34	14	22	18	30
gene_1272	138	86	91	103	103	127	340	465	390	466	543	520	348	365	398	487	426	356
gene_1273	619	854	671	585	805	990	172	264	123	149	284	222	230	229	238	148	196	223
gene_1274	679	536	468	510	474	816	2488	2140	2039	2253	2988	3300	2423	2689	2488	2412	2627	2218
gene_1275	117	123	194	122	141	213	33	37	25	36	37	51	43	42	44	43	37	45
gene_1276	143	143	161	131	113	182	447	546	380	481	742	559	547	683	708	694	440	785
gene_1277	562	542	615	534	447	756	175	127	134	127	256	211	179	156	124	225	151	168
gene_1278	349	316	372	395	350	570	1659	1484	1242	1532	1989	2241	2191	2075	2158	2445	1745	1887
gene_1279	74	73	97	93	73	79	22	27	19	18	25	21	29	19	20	35	14	26
gene_1280	172	139	191	151	157	209	896	909	732	716	815	1177	709	1023	762	977	688	735
gene_1281	118	116	67	90	65	123	17	31	23	21	23	36	32	32	16	24	21	25
gene_1282	169	193	190	197	160	181	490	829	643	451	1036	964	702	784	717	750	739	767
gene_1283	650	547	672	453	633	893	111	166	146	139	192	168	158	133	120	156	161	138
gene_1284	269	242	263	183	199	220	848	844	718	739	996	1686	986	886	942	1209	893	701
gene_1285	177	124	183	97	168	200	56	50	21	39	49	79	32	34	31	41	36	44
gene_1286	173	140	161	145	118	165	499	603	381	377	572	679	556	620	620	574	577	560
gene_1287	128	120	114	114	99	152	23	29	12	28	36	45	22	26	28	25	19	24
gene_1288	143	130	124	117	125	223	442	510	397	438	564	772	452	487	579	756	409	443
gene_1289	138	142	102	85	107	124	39	39	25	33	36	41	35	20	39	26	29	32
gene_1290	618	713	885	568	581	854	2157	2288	2296	2402	3103	3303	2913	2576	2793	2999	2212	2693
gene_1291	381	275	363	262	343	560	66	53	92	102	108	88	67	52	94	112	71	67
gene_1292	984	628	735	659	573	771	1955	3104	2410	2272	2434	3113	2913	2520	1859	4190	2569	2749
gene_1293	207	123	150	160	122	339	49	53	37	38	44	56	41	69	43	59	44	60
gene_1294	301	347	342	230	249	440	1395	1650	1117	1524	1903	1584	1543	1366	1578	1625	870	1445
gene_1295	164	164	139	96	148	176	26	37	40	36	46	35	25	37	42	61	37	46
gene_1296	187	156	252	206	134	295	437	660	528	454	955	1063	777	686	598	910	593	627
gene_1297	451	413	459	533	370	676	88	112	96	78	190	120	111	181	86	153	80	124
gene_1298	748	656	573	771	645	791	2888	3146	1974	2106	2262	3275	2756	2737	3328	3470	2558	3556
gene_1299	722	680	633	591	500	845	113	174	162	136	202	209	165	161	145	204	169	197
gene_1300	95	100	135	68	83	90	292	352	269	320	521	486	337	269	359	319	275	412
gene_1301	138	147	126	92	93	152	22	24	20	29	33	31	30	31	39	35	29	33
gene_1302	414	224	373	275	357	389	1199	1336	1367	1349	1549	1971	1693	1819	2051	2069	1015	1459
gene_1303	812	1049	934	586	527	875	169	242	174	164	187	249	169	212	175	200	199	189
gene_1304	155	115	118	111	84	228	337	624	523	471	752	702	522	556	554	688	414	616
gene_1305	288	423	337	364	278	499	49	105	61	73	99	108	88	104	97	79	55	97
gene_1306	136	83	85	71	106	136	393	452	299	314	514	770	385	523	407	532	329	544
gene_1307	575	479	514	588	518	813	137	172	105	116	127	137	157	141	120	173	79	166
gene_1308	239	130	226	240	152	259	749	1288	775	850	1028	867	936	761	894	932	813	820
gene_1309	770	487	612	592	563	906	117	180	112	134	228	200	207	232	177	240	138	199
gene_1310	253	242	268	228	197	285	967	932	820	846	1028	1341	672	897	910	1244	720	858
gene_1311	445	434	625	399	404	618	93	116	154	95	152	141	128	131	94	138	103	116
gene_1312	367	355	459	421	383	628	1148	2127	1563	1359	2055	2145	1777	1672	1350	1659	1600	1462
gene_1313	591	589	458	504	504	729	104	163	121	121	195	238	143	160	113	272	157	168
gene_1314	228	207	158	265	153	309	651	954	558	512	1003	942	729	789	752	1177	867	855
gene_1315	817	780	908	699	690	756	99	144	139	136	362	234	205	177	146	187	191	181
gene_1316	135	108	130	108	95	158	354	550	435	414	637	407	529	475	421	519	379	594
gene_1317	241	252	207	251	257	333	45	60	53	37	85	55	48	55	63	87	66	57
gene_1318	322	210	335	376	205	336	846	1432	681	973	1505	1367	969	1167	872	1448	775	1074
gene_1319	178	193	142	127	176	270	34	41	31	35	73	37	52	55	54	48	31	46
gene_1320	198	164	151	123	114	229	541	646	598	544	661	841	830	797	650	825	567	679
gene_1321	443	533	474	370	443	573	96	111	86	92	189	127	179	125	103	150	114	137
gene_1322	663	680	512	601	551	1108	2814	3182	1673	2557	4382	3432	3143	2970	2473	3156	2422	4631
gene_1323	149	113	98	94	117	179	33	19	24	21	55	32	39	44	26	26	36	36
gene_1324	694	753	596	814	736	989	2522	3482	2706	2982	3983	3552	3619	2994	2704	3477	2183	2397
gene_1325	142	138	173	152	149	129	28	27	27	37	45	42	37	31	55	30	30	31
gene_1326	219	154	158	129	162	254	668	788	686	742	861	972	705	955	487	998	547	696
gene_1327	287	299	354	323	252	575	59	71	59	70	80	86	72	81	71	70	60	103
gene_1328	693	603	858	616	604	1015	2123	3795	2250	1990	3528	3207	2541	2502	2301	3306	2393	1954
gene_1329	230	285	326	404	246	398	69	89	68	47	106	135	116	94	81	112	81	85
gene_1330	387	344	370	415	332	552	1345	1676	1156	1150	2571	1846	1665	1404	1509	2045	1113	1267
gene_1331	481	409	743	511	565	736	159	164	120	148	191	208	123	217	151	186	101	157
gene_1332	161	116	122	126	113	186	563	508	480	429	641	614	856	574	679	679	365	670
gene_1333	196	141	131	178	128	199	53	42	34	72	35	76	40	43	47	70	36	39
gene_1334	158	136	140	134	130	145	475	472	412	452	571	502	512	746	618	595	513	624
gene_1335	172	189	190	209	153	204	31	34	46	30	49	54	47	37	47	53	50	56
gene_1336	173	125	151	136	195	208	623	737	414	447	878	1162	692	472	887	990	402	665
gene_1337	605	534	499	584	371	773	103	134	113	83	150	157	119	143	135	130	97	144
gene_1338	277	186	289	266	219	494	1223	1525	838	930	1596	1276	1083	1604	1009	1363	1119	1207
gene_1339	232	223	261	302	210	353	50	47	53	52	61	121	66	63	71	84	74	69
gene_1340	162	124	109	87	72	197	401	557	424	486	699	824	500	652	312	818	555	620
gene_1341	458	374	480	499	381	737	67	150	108	91	110	112	93	115	65	126	88	149
gene_1342	772	555	544	722	571	808	1975	2140	1540	2068	3249	2873	2409	2608	2362	2769	2870	2678
gene_1343	214	266	168	133	143	219	29	57	48	43	45	70	59	45	73	72	38	67
gene_1344	160	171	211	126	159	254	516	660	629	702	909	769	966	679	775	976	766	769
gene_1345	459	335	373	405	389	685	110	102	83	66	138	121	60	91	110	156	61	118
gene_1346	804	699	788	575	685	701	1833	2130	1433	1933	3252	3708	1955	2664	3325	3462	2669	3340
gene_1347	180	127	229	139	271	293	38	50	39	40	56	71	50	70	50	87	39	39
gene_1348	96	72	102	115	97	135	454	422	387	335	334	551	316	523	424	612	376	464
gene_1349	174	281	183	180	179	323	64	45	40	37	59	80	48	72	42	92	37	65
gene_1350	615	751	719	538	644	802	3132	3090	2258	2269	2747	3472	2179	3174	2707	3520	2967	3059
gene_1351	563	598	487	437	540	717	93	135	119	101	130	124	184	145	144	153	113	148
gene_1352	302	223	250	182	231	262	682	1017	739	633	1237	1012	753	924	676	1003	754	722
gene_1353	144	137	143	111	119	164	18	31	38	31	28	43	41	21	39	43	26	20
gene_1354	73	51	106	59	59	108	327	353	221	243	435	465	298	382	236	415	342	372
gene_1355	365	246	367	282	287	355	82	78	53	65	151	114	72	132	83	140	72	98
gene_1356	642	519	842	524	406	1024	2483	2430	2716	1916	3165	3019	2931	1824	2857	3002	2612	2232
gene_1357	161	117	134	98	103	201	36	23	26	36	30	33	28	50	28	41	33	30
gene_1358	93	84	74	90	117	117	307	288	284	299	396	515	327	282	310	417	235	454
gene_1359	624	554	799	684	548	1029	198	259	173	156	210	249	169	211	181	195	206	190
gene_1360	287	294	325	273	303	462	1259	1280	1151	723	1865	1805	1414	1468	1570	1494	1245	1860
gene_1361	221	251	269	199	199	187	44	96	42	60	84	54	39	37	47	53	64	58
gene_1362	638	872	874	749	659	1084	1987	3979	2103	2375	3771	4346	4031	2970	2695	5019	2686	4459
gene_1363	692	681	655	776	677	882	159	162	156	161	263	236	211	209	131	193	143	244
gene_1364	215	260	206	203	208	328	1062	1047	662	883	879	1375	979	1131	974	1391	834	869
gene_1365	644	728	897	442	632	811	118	184	148	147	284	221	206	133	130	214	153	159
gene_1366	339	293	322	356	273	531	1256	1761	1226	1165	1543	1506	1405	1445	1405	1284	1234	1417
gene_1367	295	247	289	331	167	380	63	73	46	80	64	57	70	61	47	85	51	55
gene_1368	260	120	289	160	122	318	795	575	644	764	622	890	891	1017	843	1001	818	663
gene_1369	494	456	337	387	366	489	104	118	69	102	118	178	109	115	81	129	67	98
gene_1370	244	193	164	144	128	220	952	883	768	605	861	1057	800	1109	623	1032	897	834
gene_1371	176	93	173	93	109	123	35	40	28	21	31	45	38	26	23	47	18	27
gene_1372	134	137	124	96	119	254	455	665	461	430	539	759	496	799	458	749	602	614
gene_1373	183	93	114	134	123	218	31	38	28	28	42	42	19	41	33	45	22	32
gene_1374	147	110	132	148	106	138	524	560	363	435	646	578	558	629	445	627	553	610
gene_1375	726	442	564	589	520	659	127	167	102	136	138	214	156	157	111	149	120	195
gene_1376	352	228	247	290	316	363	1169	1349	992	824	1339	1908	1135	1462	1145	1342	851	1131
gene_1377	194	124	163	140	131	223	50	54	43	24	50	40	47	27	39	63	21	38
gene_1378	655	520	506	511	434	720	2179	2177	1713	2118	1981	3168	1479	2691	1479	2279	2205	2529
gene_1379	270	250	224	218	227	391	45	58	50	67	71	77	63	74	42	64	44	61
gene_1380	122	88	103	64	90	148	368	422	310	380	667	430	446	546	320	499	492	389
gene_1381	459	420	480	463	379	583	111	136	105	101	139	154	97	139	102	111	88	144
gene_1382	399	324	384	368	425	656	1280	1114	1235	1245	2030	2326	1136	1623	1455	1996	1078	1876
gene_1383	257	201	240	186	226	351	67	91	21	50	72	85	88	68	64	78	62	102
gene_1384	195	167	209	155	130	221	529	751	673	767	908	891	761	599	603	982	667	929
gene_1385	464	373	283	401	461	544	81	142	89	67	148	114	89	78	105	122	86	90
gene_1386	297	218	420	225	269	311	920	1314	969	969	1145	1617	1407	1417	1176	1757	897	920
gene_1387	115	125	129	101	85	146	27	34	21	12	24	18	24	36	27	42	19	19
gene_1388	443	408	365	310	328	425	1039	1374	1127	1755	2611	1747	1635	1274	1511	1642	1506	1481
gene_1389	149	161	221	164	154	263	39	62	46	30	68	73	44	40	44	50	45	55
gene_1390	247	161	223	158	197	221	741	1085	747	739	672	1186	600	858	734	1016	766	781
gene_1391	622	641	542	405	526	764	89	140	126	106	231	189	199	146	131	153	87	171
gene_1392	74	115	91	75	58	117	329	327	290	389	302	401	304	448	267	394	329	364
gene_1393	356	295	336	344	373	497	62	103	89	72	167	137	88	100	86	128	95	95
gene_1394	90	88	104	144	65	144	395	516	321	334	505	578	531	504	457	664	272	342
gene_1395	211	309	302	260	237	441	51	66	52	55	85	83	72	82	46	90	67	84
gene_1396	151	167	142	178	114	210	320	598	545	494	898	792	722	575	431	765	493	829
gene_1397	109	91	60	84	64	140	20	27	16	10	33	27	25	17	25	32	31	22
gene_1398	217	113	159	89	97	159	410	516	358	412	658	765	582	546	419	657	547	501
gene_1399	192	109	153	97	85	192	20	41	31	22	31	29	30	32	41	32	24	30
gene_1400	303	459	464	431	382	616	1678	2446	1493	1626	2342	2590	2290	2586	1373	2586	1998	1891
gene_1401	218	193	194	188	149	280	41	54	59	50	73	93	39	65	48	65	44	73
gene_1402	515	403	690	582	451	695	1640	1720	1563	1292	2244	2627	2286	2708	1748	2803	1479	2381
gene_1403	306	321	353	217	219	431	55	74	58	26	75	99	51	92	51	104	46	81
gene_1404	78	116	69	87	79	149	322	469	300	280	572	578	326	359	309	434	265	524
gene_1405	732	633	665	653	535	574	180	195	117	102	229	241	200	244	190	217	139	232
gene_1406	669	671	800	476	836	979	2647	3313	2086	2862	3310	3778	2576	2813	2469	3645	1930	2550
gene_1407	259	250	209	211	197	296	39	32	38	44	86	46	45	71	62	47	66	56
gene_1408	97	159	149	99	127	179	469	520	439	654	548	870	734	674	558	765	463	470
gene_1409	548	295	263	396	260	532	108	126	66	77	81	102	87	112	71	85	80	101
gene_1410	121	86	126	79	131	144	401	406	309	430	588	601	495	475	384	765	478	553
gene_1411	208	216	202	134	215	299	38	74	44	51	74	61	36	60	63	57	65	54
gene_1412	688	588	483	599	478	524	1540	2525	2003	2108	2729	3515	2822	2007	2441	2176	1988	2521
gene_1413	170	177	173	170	142	336	33	65	20	34	44	62	61	48	58	43	35	63
gene_1414	248	254	280	176	220	280	1113	1361	891	688	1144	1163	989	1049	883	1208	644	928
gene_1415	157	170	166	131	151	224	39	46	35	52	66	53	43	28	34	64	29	42
gene_1416	222	247	217	200	204	364	666	823	657	581	986	801	902	1119	808	1048	963	1009
gene_1417	584	504	686	523	579	657	99	128	106	110	132	151	124	128	112	113	177	109
gene_1418	107	90	112	73	80	136	265	497	281	235	466	413	298	431	403	399	270	260
gene_1419	441	303	303	266	392	626	90	92	75	97	109	93	76	101	100	74	79	104
gene_1420	232	336	230	259	225	263	1115	1408	911	792	1155	1556	1080	1386	948	1085	1026	874
gene_1421	753	768	795	492	469	925	119	159	106	115	188	208	182	172	147	264	123	157
gene_1422	582	508	456	429	403	699	1574	2457	1489	1917	2611	2348	2227	2334	2171	2936	2246	2225
gene_1423	123	110	87	152	91	198	24	27	14	35	30	32	26	33	47	37	22	22
gene_1424	591	610	465	421	391	776	2274	2256	1501	1334	2589	2110	2738	1880	2075	2322	1439	2542
gene_1425	887	617	602	578	569	732	157	163	121	96	173	200	181	146	142	148	129	161
gene_1426	532	470	620	414	302	554	1806	3229	1411	1719	2172	3307	2303	2729	2232	2628	1822	2357
gene_1427	839	751	879	687	653	740	124	175	151	165	181	208	186	145	150	223	176	127
gene_1428	170	192	214	154	159	296	555	875	679	485	969	841	1023	815	674	856	713	595
gene_1429	107	77	90	78	50	107	16	29	16	22	17	20	19	21	31	22	31	24
gene_1430	77	83	96	80	63	130	251	311	202	336	608	390	389	397	252	329	366	345
gene_1431	180	188	192	159	128	270	41	42	30	54	53	69	35	35	46	63	29	51
gene_1432	330	193	191	272	168	304	939	1085	771	829	1660	789	1105	869	596	1034	772	748
gene_1433	118	88	70	81	75	161	9	21	19	21	19	31	29	30	22	17	22	29
gene_1434	677	1116	740	722	613	914	2930	3931	2673	3179	2503	3488	3605	3152	3102	5081	2060	3572
gene_1435	86	78	73	91	59	150	14	25	11	22	24	40	37	29	28	32	28	29
gene_1436	727	759	959	499	416	807	2837	3258	2519	3143	3331	2735	3857	3507	2899	3121	2729	3263
gene_1437	509	581	887	449	404	672	149	157	119	109	197	156	143	119	147	111	124	184
gene_1438	191	155	153	212	219	274	543	457	595	579	989	860	726	705	581	931	577	731
gene_1439	108	123	163	120	84	175	21	28	22	30	44	30	24	40	33	40	38	35
gene_1440	285	201	222	129	202	265	609	884	506	613	932	1096	870	730	973	930	711	630
gene_1441	376	477	566	478	362	495	86	123	63	98	140	184	108	109	113	142	100	95
gene_1442	319	206	278	256	230	238	963	896	616	854	1520	1361	1228	864	1086	1495	892	1100
gene_1443	703	541	611	575	631	1079	174	211	199	125	192	290	245	231	185	273	183	201
gene_1444	537	526	668	438	432	856	2231	2313	1906	1761	3650	3406	2704	2839	2159	2103	1716	3145
gene_1445	438	353	283	372	230	421	83	79	63	74	112	106	94	103	62	67	70	98
gene_1446	619	497	629	431	407	883	1999	2683	1872	1681	2778	2979	2911	2937	2450	2748	2013	1871
gene_1447	292	237	354	239	272	375	52	64	44	75	75	83	53	66	65	79	57	90
gene_1448	467	346	444	407	276	499	1645	1876	1397	1335	2032	2610	1387	1680	1636	2669	1737	1836
gene_1449	79	101	116	99	90	146	20	39	16	31	26	30	31	21	28	17	19	12
gene_1450	140	154	166	105	127	151	513	517	416	451	610	644	401	716	541	877	391	644
gene_1451	106	87	138	55	76	111	19	26	20	16	21	28	20	38	30	32	23	27
gene_1452	718	678	749	678	589	978	2581	3718	1823	2363	3701	3852	2945	3537	3195	3797	2442	3674
gene_1453	538	475	473	465	478	620	83	128	83	111	140	196	138	157	110	141	96	200
gene_1454	716	744	707	687	608	1528	2690	3442	2154	3367	5091	3967	2992	3495	2560	2858	3149	2849
gene_1455	296	229	293	303	183	384	48	102	60	63	109	96	82	79	75	78	81	73
gene_1456	433	532	417	424	508	498	2266	1976	1562	1416	1683	2147	1496	1801	1840	2601	1363	1841
gene_1457	152	131	174	144	123	281	64	50	22	32	55	59	45	36	59	44	36	54
gene_1458	377	385	313	282	437	573	1357	1168	1085	979	1650	1404	1575	1566	1888	1932	1249	1137
gene_1459	90	74	60	64	82	111	23	23	19	11	24	31	17	26	26	23	19	24
gene_1460	339	345	305	299	376	460	1157	1634	1207	961	1383	2010	1499	1861	1209	1992	1267	1345
gene_1461	928	821	648	583	611	1065	116	181	163	182	274	319	208	210	213	203	237	215
gene_1462	256	227	195	195	203	227	701	675	535	806	805	1154	686	1001	928	1091	769	809
gene_1463	116	66	143	151	138	166	23	41	19	27	36	41	37	32	32	43	36	35
gene_1464	219	203	247	112	224	278	740	728	532	587	672	613	624	766	573	1008	626	699
gene_1465	119	91	105	112	94	122	25	26	20	15	28	34	23	31	26	25	26	32
gene_1466	324	261	322	267	296	363	937	1502	831	1070	1655	1462	1255	1312	1408	1757	1006	1348
gene_1467	448	252	459	491	287	614	94	119	105	94	100	154	105	98	81	77	114	135
gene_1468	105	77	97	100	66	144	350	422	399	315	496	546	419	364	309	511	450	382
gene_1469	81	55	112	70	74	135	17	15	10	20	26	23	14	15	16	30	14	16
gene_1470	388	402	466	454	334	559	1165	2122	1483	1115	1403	2067	2051	1353	1412	1569	1430	1862
gene_1471	183	187	169	201	189	180	34	54	36	43	54	61	53	73	46	57	29	54
gene_1472	1026	804	839	688	713	885	2092	4221	2097	2001	3228	4938	2304	3939	2204	4347	3358	3503
gene_1473	320	268	330	399	189	391	83	67	72	80	85	100	82	69	63	92	44	62
gene_1474	230	258	266	254	247	182	965	1015	896	782	1232	1143	1034	878	886	1266	1198	1171
gene_1475	202	183	206	220	142	228	37	60	28	26	54	59	54	57	47	58	40	52
gene_1476	131	149	120	124	115	156	439	408	312	347	798	426	316	609	583	535	377	608
gene_1477	329	347	330	254	283	581	72	78	83	56	124	105	81	113	53	119	73	118
gene_1478	146	118	142	133	142	192	406	801	445	454	525	525	533	651	505	497	462	526
gene_1479	141	140	121	144	132	218	33	43	32	20	63	51	34	48	43	45	28	26
gene_1480	370	290	300	253	266	372	1008	1152	1056	912	1115	1248	796	1299	1213	1391	619	1292
gene_1481	434	415	395	375	365	564	95	137	90	103	115	109	97	87	138	112	87	160
gene_1482	319	306	268	347	230	368	897	1224	996	751	1615	1817	1362	1239	1100	1256	1200	1152
gene_1483	83	88	75	87	79	91	14	17	15	13	23	17	14	40	24	24	19	25
gene_1484	120	106	136	81	96	137	352	475	378	344	641	436	353	503	609	506	344	503
gene_1485	304	324	281	181	164	353	88	82	55	54	93	72	79	65	64	61	50	52
gene_1486	421	389	503	351	436	725	1140	1711	1379	1518	2185	1710	1684	1381	1539	2454	1172	1797
gene_1487	463	526	426	302	424	615	81	130	100	89	142	109	133	120	157	121	86	125
gene_1488	165	151	157	124	129	198	654	856	480	616	991	1081	891	739	564	709	550	689
gene_1489	143	102	172	111	116	224	27	30	15	31	42	37	28	33	27	38	32	31
gene_1490	170	169	150	153	113	243	590	852	546	461	882	709	776	749	561	913	483	964
gene_1491	644	652	853	675	858	1262	157	260	148	199	285	211	242	171	221	234	155	244
gene_1492	421	250	307	246	207	357	1061	1000	880	946	1429	1480	1017	1528	1037	1225	1011	1260
gene_1493	138	99	92	64	83	148	22	31	18	19	32	35	27	23	22	28	24	33
gene_1494	169	218	199	168	180	215	676	873	525	591	935	884	701	915	937	873	451	982
gene_1495	729	376	487	612	501	689	115	118	111	141	227	184	140	182	172	230	169	163
gene_1496	187	240	241	155	138	316	712	916	662	728	1214	1108	878	987	850	1273	707	941
gene_1497	91	112	138	88	101	144	19	29	32	30	35	48	26	36	23	30	20	22
gene_1498	333	222	258	277	194	333	1329	1259	1131	893	1241	1786	973	1211	1304	1435	948	1290
gene_1499	267	208	239	226	177	380	54	81	39	51	44	75	60	43	66	101	50	54
gene_1500	68	61	89	90	68	91	289	394	220	307	477	436	367	382	251	270	255	392
gene_1501	324	169	242	208	244	282	52	69	70	42	56	94	61	122	99	104	53	92
gene_1502	737	502	556	484	552	791	2241	2391	1981	2351	3341	3564	1903	2144	1749	2591	1623	1855
gene_1503	283	341	303	263	296	369	59	91	70	50	104	154	123	88	108	105	101	118
gene_1504	241	325	283	217	273	307	786	956	757	729	1144	1466	814	1019	756	872	853	700
gene_1505	122	120	96	101	83	104	25	27	19	20	28	42	43	41	38	22	38	28
gene_1506	254	286	376	232	312	238	757	1084	1113	906	1449	1511	868	1072	743	804	710	948
gene_1507	359	518	913	417	470	728	84	145	92	85	172	115	153	173	128	199	161	270
gene_1508	554	662	440	549	318	982	1895	2725	1809	1810	3483	2133	1900	1712	1526	2259	1372	2150
gene_1509	115	106	110	110	107	242	38	25	21	30	34	56	40	41	26	57	56	57
gene_1510	822	675	738	830	719	890	2278	2625	3111	2594	4250	3722	2759	2128	2168	2955	2136	2225
gene_1511	338	350	350	300	299	493	86	99	88	71	108	79	121	184	94	191	107	127
gene_1512	684	507	593	558	419	663	1721	1988	1310	1503	2190	2835	1963	1588	2065	1721	1396	1641
gene_1513	356	276	366	234	260	404	58	80	81	62	75	128	113	124	90	142	111	105
gene_1514	315	243	240	145	209	271	523	1305	653	834	1290	1317	782	863	713	911	439	634
gene_1515	253	246	271	221	273	449	65	74	41	58	93	72	91	81	93	100	59	76
gene_1516	158	139	165	123	109	180	494	804	582	403	920	728	540	513	449	593	393	440
gene_1517	155	102	111	107	118	147	22	43	23	23	40	49	42	45	51	48	32	40
gene_1518	254	206	252	198	206	337	696	959	686	750	1146	1014	526	665	807	839	887	825
gene_1519	246	314	255	270	273	390	86	85	45	47	93	78	69	115	105	112	57	120
gene_1520	91	117	109	87	91	114	395	476	307	324	599	647	330	391	238	497	327	374
gene_1521	183	193	164	194	132	259	33	44	29	42	46	49	45	65	59	56	48	74
gene_1522	738	692	928	529	613	901	2828	3101	2095	2748	3471	3517	1809	2293	2552	2522	2119	2083
gene_1523	556	836	731	430	655	659	163	251	137	164	182	250	196	266	217	198	135	290
gene_1524	338	255	314	303	230	508	1070	1571	966	890	1788	1842	942	1237	841	1413	646	870
gene_1525	634	679	596	583	667	912	95	168	140	119	191	252	236	256	181	361	199	267
gene_1526	283	231	261	198	179	293	1015	934	832	745	1080	1292	574	750	612	1028	838	861
gene_1527	293	214	362	367	321	429	65	114	94	68	118	138	92	118	112	110	80	110
gene_1528	676	555	623	490	531	953	2052	2781	1948	1973	3037	4502	2179	2074	2143	2002	1572	1585
gene_1529	108	96	116	73	70	111	14	22	20	21	29	22	28	28	36	41	31	37
gene_1530	186	155	203	147	120	255	698	539	541	722	764	871	788	566	617	811	617	493
gene_1531	524	464	436	362	410	473	103	78	69	95	110	146	135	104	115	112	111	116
gene_1532	963	522	930	573	808	1261	2421	3367	3287	1883	3574	4873	2458	2182	2439	2690	1674	2725
gene_1533	196	153	218	149	161	261	50	50	39	42	55	60	64	52	54	61	44	57
gene_1534	187	176	232	228	188	276	729	917	663	694	957	1089	568	816	603	697	608	626
gene_1535	80	111	114	130	123	126	19	31	22	26	26	26	45	36	31	65	30	57
gene_1536	163	159	203	155	123	190	427	698	501	484	1056	783	609	442	368	652	424	438
gene_1537	723	666	552	602	505	638	156	269	187	100	246	191	194	217	244	374	281	294
gene_1538	326	367	369	310	349	576	1760	1734	1115	925	1888	2004	1249	1435	1243	1270	942	1195
gene_1539	347	294	289	328	212	510	101	111	71	71	118	109	104	128	106	165	105	135
gene_1540	204	211	285	162	230	348	958	894	623	781	1592	1022	628	722	573	741	658	608
gene_1541	96	97	95	110	90	132	24	29	17	26	27	35	31	35	37	32	33	29
gene_1542	520	441	535	456	340	515	1352	1977	1409	1936	2249	2137	1488	1818	1416	1784	1207	1534
gene_1543	180	122	167	108	166	176	41	44	22	31	55	39	69	58	59	44	54	87
gene_1544	194	265	248	178	235	276	874	1066	684	807	1067	1319	664	942	583	1039	639	875
gene_1545	130	162	171	127	117	164	42	41	37	39	65	54	49	52	53	76	39	77
gene_1546	585	406	415	552	383	694	1769	2575	1767	1547	2957	2567	1455	1490	1543	2138	1331	1878
gene_1547	247	258	233	179	254	306	73	64	35	51	69	84	91	88	67	84	63	65
gene_1548	213	118	193	165	164	219	658	941	388	537	782	706	383	539	312	489	469	584
gene_1549	771	762	1009	942	722	1103	177	225	159	186	223	231	252	356	325	347	160	237
gene_1550	827	550	681	434	540	711	1741	3761	1915	1651	3445	3290	2570	3118	1988	2210	1588	1840
gene_1551	303	270	445	309	270	402	62	81	52	65	130	95	138	90	147	119	125	109
gene_1552	440	272	308	263	247	383	1078	1340	1176	914	1395	1569	971	1025	1011	1212	818	825
gene_1553	169	143	174	152	104	203	23	38	19	29	46	40	43	50	44	46	40	56
gene_1554	180	114	164	129	145	197	391	753	502	445	633	724	303	445	380	591	293	398
gene_1555	118	140	115	146	88	184	29	32	27	19	34	44	45	39	32	44	34	46
gene_1556	118	85	103	73	76	152	338	287	300	257	493	490	269	260	250	326	233	307
gene_1557	100	101	117	61	70	100	20	25	15	14	20	33	24	37	26	44	26	21
gene_1558	342	248	345	352	230	385	1343	1428	1120	1319	1543	1358	1205	1069	927	1261	768	949
gene_1559	261	231	126	185	207	350	50	68	35	37	68	63	57	62	67	75	74	81
gene_1560	133	89	129	108	108	159	422	426	363	386	638	869	525	612	534	407	390	412
gene_1561	188	156	209	149	245	216	21	44	35	33	44	39	52	61	44	81	49	63
gene_1562	293	247	260	184	228	268	927	1016	720	973	1224	1131	486	797	754	833	601	951
gene_1563	437	495	398	390	408	566	130	134	99	101	164	126	136	213	120	238	170	111
gene_1564	180	172	197	143	136	218	496	734	505	512	597	641	489	556	677	592	399	545
gene_1565	358	236	271	297	203	323	53	84	52	66	102	89	87	107	66	107	92	123
gene_1566	694	530	740	913	624	940	2800	3027	3035	2638	4131	3147	2061	2781	2027	2924	1931	2145
gene_1567	161	197	218	183	157	192	26	71	56	57	85	69	55	73	81	52	54	58
gene_1568	585	614	678	541	758	600	1940	2538	1675	1330	2792	3067	1477	1587	1101	2601	989	1473
gene_1569	465	476	364	425	387	586	121	102	101	94	133	140	153	171	157	203	118	214
gene_1570	346	247	327	286	221	308	874	671	817	842	1377	1898	928	1181	889	1096	798	1100
gene_1571	108	76	73	73	50	107	23	20	22	21	37	37	24	36	23	28	25	28
gene_1572	268	285	188	236	190	366	865	1030	717	778	1571	1359	821	687	617	949	715	813
gene_1573	405	319	383	310	319	544	72	85	71	55	91	109	72	141	155	158	122	104
gene_1574	421	393	412	458	285	576	1508	1613	1380	2275	2144	2671	1790	1432	1166	2050	1486	1854
gene_1575	456	536	586	438	331	716	74	120	96	96	135	160	188	129	141	210	137	119
gene_1576	127	112	115	99	83	179	315	459	255	390	501	513	309	314	314	398	326	413
gene_1577	314	291	235	298	229	285	45	51	57	40	66	79	86	86	80	87	74	88
gene_1578	587	544	864	587	471	837	2655	3042	1964	1840	3403	2446	1437	1763	1913	2203	2090	2110
gene_1579	82	132	117	134	73	129	18	26	19	23	25	37	43	36	38	36	21	23
gene_1580	320	209	279	157	244	347	1094	1460	1247	1120	1452	1364	790	1053	873	1279	884	1109
gene_1581	445	755	689	448	501	749	125	198	144	135	159	254	185	202	212	345	203	293
gene_1582	143	125	140	126	93	196	453	627	313	552	648	653	443	571	317	563	403	461
gene_1583	726	973	834	531	750	952	245	168	155	170	330	287	308	293	253	297	252	365
gene_1584	832	483	651	449	386	770	1479	1992	2080	2269	2988	3273	1797	1970	2017	2446	1742	1721
gene_1585	236	224	260	148	203	175	31	75	57	49	51	75	52	79	68	69	51	80
gene_1586	578	365	421	337	368	560	1318	1756	1346	1820	2696	2480	1187	2014	1221	1581	1321	1440
gene_1587	439	382	507	396	379	366	79	92	66	65	119	134	125	144	93	172	94	138
gene_1588	590	454	703	465	568	729	2743	2799	1816	2551	3273	3741	2222	2291	2125	1389	2091	1973
gene_1589	287	245	197	227	174	335	27	83	57	56	90	90	124	106	81	104	100	65
gene_1590	723	1064	836	696	734	1006	2372	2944	3361	2558	3989	4623	2281	1665	2111	2420	2082	2595
gene_1591	143	103	147	103	131	140	35	40	36	19	44	50	46	42	31	54	33	45
gene_1592	155	135	125	146	155	162	482	393	428	563	613	784	448	351	323	462	335	420
gene_1593	467	274	359	254	331	469	71	101	65	37	96	81	128	137	126	88	84	112
gene_1594	187	194	180	245	189	236	692	694	777	726	1064	1254	742	703	630	695	435	788
gene_1595	237	189	149	187	156	273	22	44	26	31	63	64	53	78	43	54	55	59
gene_1596	185	175	175	204	236	246	648	799	555	916	1237	1321	594	614	740	850	688	752
gene_1597	835	574	672	550	452	958	99	155	148	100	149	212	205	217	211	282	153	206
gene_1598	296	333	289	405	342	646	1172	1312	1148	1129	1595	2133	1384	1153	971	1405	931	1496
gene_1599	288	216	294	252	215	334	54	66	42	59	65	78	73	116	79	103	71	84
gene_1600	83	108	75	97	71	92	308	610	363	249	414	352	282	245	353	269	296	248
gene_1601	86	71	106	51	90	116	23	31	11	8	29	30	43	19	19	27	23	44
gene_1602	334	410	445	391	361	455	1469	1700	881	968	1381	1312	1041	1195	1422	1472	1053	1502
gene_1603	612	503	666	608	544	714	139	132	106	116	216	188	197	171	152	213	136	125
gene_1604	105	82	71	96	90	145	240	319	313	349	363	438	234	353	246	385	285	213
gene_1605	381	332	429	336	469	463	88	91	63	65	131	130	129	132	111	183	95	147
gene_1606	133	104	89	107	76	193	361	545	413	437	388	640	342	435	269	414	389	342
gene_1607	219	259	261	249	215	294	34	62	43	37	62	71	53	75	78	78	62	84
gene_1608	616	585	688	533	523	630	2283	2846	2083	1850	3246	2868	1930	1963	1807	1850	1230	2166
gene_1609	452	506	419	499	438	556	121	148	60	114	120	182	153	171	148	189	147	190
gene_1610	101	83	90	77	67	141	417	438	329	374	537	514	236	252	250	332	324	256
gene_1611	325	293	393	409	307	546	67	92	82	72	109	113	137	110	130	124	108	119
gene_1612	236	251	203	252	247	184	904	922	724	722	1411	1298	768	865	839	905	711	988
gene_1613	519	442	325	335	464	623	107	109	111	84	110	95	126	183	127	244	133	138
gene_1614	113	67	98	114	65	130	313	294	348	314	347	597	389	214	407	289	230	309
gene_1615	158	131	158	76	116	151	28	51	22	26	34	46	48	54	47	52	66	42
gene_1616	462	320	263	368	273	399	1054	1460	1245	1484	1572	1894	1105	1023	1265	1495	1013	1450
gene_1617	109	126	125	118	115	182	31	21	34	23	38	24	54	50	41	58	36	70
gene_1618	361	385	398	437	351	506	1754	1523	1530	1364	1743	1876	1056	1284	1290	1825	1044	1076
gene_1619	255	293	313	298	315	395	60	78	69	55	105	119	105	146	89	143	68	134
gene_1620	251	327	320	312	240	467	1082	1505	1193	1213	1732	1207	826	1338	868	1456	745	1180
gene_1621	440	371	386	418	466	671	104	129	76	84	159	128	147	163	141	179	122	193
gene_1622	328	305	369	238	276	454	991	1633	968	1082	1339	1521	988	589	706	943	1074	785
gene_1623	493	273	326	233	227	360	52	69	47	89	131	95	97	119	117	143	72	86
gene_1624	75	78	115	72	61	121	309	337	245	295	440	419	350	278	242	264	210	297
gene_1625	92	67	82	72	79	126	15	31	17	17	35	32	37	27	25	51	22	30
gene_1626	378	483	505	480	427	655	2154	2283	1568	1300	2563	2602	1380	1200	1143	2351	896	1651
gene_1627	192	154	163	166	177	253	48	58	38	39	67	63	50	62	46	69	49	68
gene_1628	212	277	218	209	172	242	685	696	644	681	883	1125	610	674	572	672	486	641
gene_1629	452	377	336	320	271	473	69	115	81	100	126	146	175	131	118	116	129	163
gene_1630	729	768	710	467	783	1232	2765	2443	2529	2088	2513	2575	1866	2107	2475	2210	1703	2531
gene_1631	207	229	201	204	192	312	38	81	55	41	84	67	95	58	94	87	58	72
gene_1632	240	157	198	165	188	284	649	788	644	450	845	1002	571	562	585	827	457	642
gene_1633	462	285	289	260	288	427	72	82	81	52	116	77	115	112	118	142	104	127
gene_1634	366	291	330	288	350	303	1166	1201	773	1037	1320	1707	920	734	809	1063	889	1104
gene_1635	163	168	131	119	117	201	18	28	20	22	40	38	59	51	52	76	55	70
gene_1636	752	663	748	786	482	762	3337	2570	1808	1793	3797	3708	2156	2426	1520	2527	2231	1657
gene_1637	334	182	286	235	168	310	49	72	35	64	70	89	84	83	71	117	71	51
gene_1638	790	885	717	663	773	926	3199	3568	3171	2336	3708	4164	2331	3871	2154	2709	2000	2416
gene_1639	642	941	762	536	691	891	149	175	158	165	222	275	290	314	341	299	265	299
gene_1640	168	137	194	182	147	165	693	695	748	602	1161	913	625	556	465	690	649	663
gene_1641	351	455	322	466	377	474	80	95	84	72	151	91	82	148	122	184	132	113
gene_1642	214	232	249	144	175	226	654	966	660	754	750	968	473	505	628	471	398	696
gene_1643	169	107	125	123	128	173	21	34	35	20	46	51	29	32	46	41	32	52
gene_1644	161	166	197	139	136	251	619	763	487	495	827	940	463	639	462	624	566	737
gene_1645	204	197	131	135	136	170	44	64	36	48	63	56	34	64	56	101	53	46
gene_1646	372	445	418	462	499	621	2160	3234	2142	1874	2073	2577	1790	1858	1245	2869	1542	1800
gene_1647	415	377	540	407	225	521	67	120	84	82	99	155	128	134	142	154	143	161
gene_1648	208	153	126	139	106	172	535	664	361	386	712	554	404	468	446	611	446	522
gene_1649	83	100	101	55	69	107	11	20	19	23	33	29	41	17	27	36	34	26
gene_1650	213	187	244	257	247	214	749	984	764	557	1104	1496	658	977	650	946	477	546
gene_1651	679	744	821	619	660	987	141	200	158	196	261	158	267	228	253	180	197	247
gene_1652	158	94	161	127	107	148	467	478	278	556	782	676	570	333	323	508	327	427
gene_1653	100	101	124	99	82	148	19	24	21	18	32	29	55	49	52	63	28	46
gene_1654	605	424	678	422	707	895	2147	2849	1730	1668	3185	3078	1989	1735	2578	1783	1585	2482
gene_1655	92	157	104	92	111	101	29	26	18	27	31	34	17	28	30	29	25	39
gene_1656	108	109	129	83	113	179	431	672	480	371	539	534	437	241	319	394	313	242
gene_1657	87	86	102	82	91	120	21	23	20	18	24	14	31	30	31	34	22	28
gene_1658	267	151	180	121	168	207	507	727	520	519	1124	812	426	608	467	556	554	715
gene_1659	469	304	352	339	364	336	116	111	80	92	162	121	162	220	164	146	146	137
gene_1660	284	297	259	235	155	304	858	1295	795	1383	1330	1690	859	924	1065	1221	920	1241
gene_1661	586	685	661	429	378	541	117	156	97	144	178	197	180	292	125	264	190	179
gene_1662	98	72	131	152	105	135	325	531	358	440	460	497	346	496	289	365	350	225
gene_1663	175	206	220	246	267	349	37	55	42	46	116	81	88	66	101	81	78	94
gene_1664	187	214	181	195	104	186	695	678	558	553	974	633	413	656	583	744	550	567
gene_1665	103	113	158	110	84	141	39	21	21	24	34	26	42	32	30	54	24	44
gene_1666	667	426	426	500	538	556	1615	2159	1443	1456	2384	2881	1699	1651	1688	2035	1516	1462
gene_1667	116	74	108	123	96	135	17	36	12	21	27	49	50	23	47	26	34	30
gene_1668	367	292	365	274	202	547	721	1221	861	1213	1417	1594	738	1053	880	911	714	1068
gene_1669	549	509	632	508	601	648	127	130	108	89	173	175	201	211	133	252	161	225
gene_1670	409	273	269	343	314	323	1475	1699	843	913	1457	1744	1023	1445	1031	1351	1026	1195
gene_1671	115	131	145	149	113	181	28	36	18	23	39	37	45	45	35	48	29	34
gene_1672	149	237	307	181	199	245	881	1022	783	827	1086	1281	731	916	662	621	562	751
gene_1673	407	409	415	336	362	481	87	98	62	67	150	164	131	109	124	107	101	152
gene_1674	604	491	601	520	348	790	1742	2125	1320	1377	3556	2652	1385	1586	1387	1713	1528	2073
gene_1675	388	392	500	386	414	700	103	152	104	101	133	154	127	166	169	160	113	114
gene_1676	205	145	195	158	195	242	787	816	532	569	869	619	462	555	666	567	422	493
gene_1677	92	137	127	108	102	187	20	33	22	32	47	35	49	57	36	33	51	54
gene_1678	471	242	451	394	271	634	1266	1329	1416	1049	2348	1649	1422	1569	1155	1281	821	1199
gene_1679	144	156	142	90	86	111	17	25	24	26	38	38	35	44	52	46	35	42
gene_1680	450	364	358	468	309	465	1095	1353	749	1119	1492	1535	1463	1725	907	1490	950	1131
gene_1681	100	92	114	91	127	170	26	33	22	30	30	32	32	58	38	48	35	54
gene_1682	874	737	871	626	554	1011	2451	3022	2575	2228	3100	3659	2432	2701	2066	3496	2085	2366
gene_1683	160	205	167	206	143	204	29	36	31	60	66	48	71	40	68	87	51	34
gene_1684	762	483	673	432	467	698	1798	2194	1750	1637	2865	2270	1789	2198	1697	2357	1337	1941
gene_1685	406	482	502	437	464	566	104	127	85	70	167	196	158	186	153	177	122	159
gene_1686	418	410	404	347	390	465	1750	1954	1247	1402	2378	2000	1173	1639	1183	1932	1059	1533
gene_1687	319	252	356	299	289	550	62	91	58	85	112	124	99	95	84	123	88	133
gene_1688	627	431	484	581	418	780	1580	1854	1935	1540	3103	3006	1471	1881	1416	1935	1100	1464
gene_1689	132	144	120	107	112	208	23	38	26	24	50	50	46	43	31	37	38	39
gene_1690	79	124	131	80	66	104	365	406	411	251	552	452	322	283	293	295	258	302
gene_1691	593	514	679	435	371	699	155	191	125	145	137	149	133	184	180	187	183	221
gene_1692	511	469	389	335	410	525	1591	1605	1463	1474	1641	2850	1982	1635	1507	1614	1430	1172
gene_1693	842	596	611	532	461	859	177	162	108	102	189	209	159	261	179	241	161	218
gene_1694	129	58	122	95	61	118	270	329	363	252	428	410	295	257	241	308	240	302
gene_1695	111	176	181	160	136	153	31	29	23	35	42	38	53	56	35	64	30	50
gene_1696	431	352	614	434	532	585	1766	1851	1263	1467	2535	2902	1684	1691	1621	1427	1332	1550
gene_1697	466	381	330	335	348	507	72	111	82	70	113	107	152	160	117	137	106	116
gene_1698	114	123	163	112	98	171	428	611	439	406	447	636	421	429	452	439	329	347
gene_1699	256	228	275	223	318	351	71	78	65	62	77	102	108	113	87	101	54	113
gene_1700	103	108	93	120	75	170	475	385	283	356	613	619	362	287	286	505	274	368
gene_1701	291	198	176	199	173	211	32	51	34	32	56	57	57	86	57	90	53	91
gene_1702	338	269	319	238	245	392	1042	1216	802	1060	1597	1229	751	1085	725	1261	868	751
gene_1703	123	61	131	117	127	129	25	35	23	23	22	31	31	31	29	46	31	27
gene_1704	182	135	93	101	111	106	436	542	439	390	565	578	415	344	334	484	345	417
gene_1705	171	190	177	144	150	224	33	49	32	30	46	42	60	44	50	59	52	51
gene_1706	828	768	673	491	470	792	1611	3497	2340	2311	3821	2952	2326	2456	1392	2681	1437	2406
gene_1707	342	307	505	387	279	521	81	117	57	70	125	130	159	173	135	214	97	168
gene_1708	102	127	101	93	72	150	328	374	345	292	406	473	284	293	275	307	214	248
gene_1709	401	333	313	371	311	466	86	96	67	80	81	86	100	112	110	154	74	90
gene_1710	110	91	124	115	95	184	509	381	290	324	714	563	341	295	298	292	259	470
gene_1711	231	168	183	240	315	372	48	78	72	42	79	69	103	73	85	67	61	89
gene_1712	752	658	790	523	548	943	2021	2878	2266	1878	3490	2309	2175	1477	1772	2953	1322	2091
gene_1713	122	120	113	80	104	154	22	38	22	27	41	35	36	56	34	37	35	38
gene_1714	138	182	203	129	145	290	563	625	531	543	857	598	567	460	512	802	471	534
gene_1715	87	87	107	80	120	122	23	29	20	20	16	28	31	42	26	21	47	30
gene_1716	317	324	438	280	345	500	1731	1582	792	1123	1347	2112	1178	1153	1033	1117	760	1326
gene_1717	132	80	76	115	69	127	20	22	28	23	33	23	36	34	27	42	31	35
gene_1718	242	280	209	200	184	335	790	1007	832	822	1229	937	783	579	534	927	736	731
gene_1719	194	239	222	243	236	363	40	71	59	47	83	83	71	69	71	65	69	64
gene_1720	560	650	537	793	582	952	2501	2738	2148	2078	3126	3759	1709	2126	1821	2346	1750	1620
gene_1721	380	237	284	217	251	400	69	63	61	56	99	106	103	98	109	127	97	71
gene_1722	172	114	136	130	112	150	406	439	310	316	533	694	402	284	230	396	288	301
gene_1723	473	373	421	324	300	638	86	107	60	101	136	100	79	156	108	99	80	168
gene_1724	588	480	508	554	394	890	1428	1896	1352	981	2825	2513	1207	1284	1209	1316	1615	1525
gene_1725	234	253	229	182	224	395	77	81	26	46	52	87	74	95	52	83	48	67
gene_1726	498	497	649	468	462	902	2018	2752	1444	1630	2706	2618	1625	1756	1341	1875	1665	2145
gene_1727	480	640	523	469	601	826	94	133	135	129	152	151	225	190	191	240	100	274
gene_1728	174	134	190	109	156	185	533	634	364	440	788	610	375	487	552	483	253	594
gene_1729	320	325	351	201	290	347	61	91	45	64	108	105	92	77	96	108	103	99
gene_1730	620	499	696	575	654	703	1607	2468	1967	2593	3840	2730	2188	2209	1474	2608	1408	2306
gene_1731	394	368	329	414	241	629	129	116	108	64	130	175	119	212	146	155	143	171
gene_1732	441	499	547	610	473	661	1896	2612	2186	1751	3479	3478	1748	1641	1860	2268	1601	1737
gene_1733	449	428	463	453	362	760	56	132	77	100	135	176	172	212	76	191	158	137
gene_1734	453	305	403	443	305	603	1678	1688	1090	1585	1857	2467	1047	1152	1068	1841	984	1600
gene_1735	133	147	147	146	129	251	32	49	38	27	45	54	58	52	45	55	55	69
gene_1736	157	108	166	196	120	134	400	535	563	520	641	1123	424	391	448	358	459	548
gene_1737	219	255	184	186	213	273	63	47	55	54	72	74	86	94	80	90	67	58
gene_1738	113	108	91	110	83	148	481	456	390	353	578	564	323	285	354	438	324	343
gene_1739	227	218	134	212	186	217	42	35	40	37	45	33	58	66	54	82	30	78
gene_1740	347	365	265	292	330	495	775	1557	1030	1286	1629	1609	934	937	797	1577	780	1006
gene_1741	171	170	149	172	105	187	39	43	43	37	59	35	52	72	57	77	48	56
gene_1742	453	399	483	363	479	770	1621	1541	1354	1549	2415	2756	1283	1369	1232	1507	1043	1180
gene_1743	256	239	230	182	195	218	56	36	56	49	53	63	72	73	52	75	53	79
gene_1744	145	185	169	159	175	197	472	660	472	481	766	563	484	425	340	613	361	443
gene_1745	692	716	570	513	528	798	110	158	169	126	268	157	185	251	187	197	138	223
gene_1746	441	454	363	403	488	659	1268	2228	850	1781	2288	2079	1107	1955	1585	1626	1308	1754
gene_1747	86	62	72	83	65	66	12	9	15	17	17	20	34	28	18	40	25	31
gene_1748	211	167	148	100	110	161	590	778	470	422	820	689	439	467	442	456	378	446
gene_1749	481	566	446	329	454	725	89	86	71	132	144	116	192	206	123	333	96	164
gene_1750	260	303	294	247	243	440	1097	1346	695	941	1240	1716	954	725	1013	1129	597	827
gene_1751	138	78	121	87	101	109	29	39	18	17	41	35	30	46	28	57	28	33
gene_1752	621	435	572	493	331	667	2240	2068	1650	1820	2053	2699	1821	1834	1451	2376	1473	1778
gene_1753	148	180	118	133	201	197	39	35	45	38	76	44	52	55	60	86	59	42
gene_1754	529	488	580	455	568	735	1710	1853	1349	1819	3977	2389	1680	1926	1320	2295	1345	1796
gene_1755	201	253	188	190	194	290	51	51	38	44	60	58	49	83	57	96	75	57
gene_1756	72	120	112	96	116	202	367	555	350	381	483	535	452	492	341	484	257	331
gene_1757	353	221	262	257	259	273	60	73	48	66	68	109	63	96	82	114	82	116
gene_1758	202	390	358	212	291	368	814	1027	743	1130	1328	1532	992	987	901	1440	618	743
gene_1759	100	68	93	117	79	141	29	22	15	20	31	20	34	38	34	43	28	32
gene_1760	389	322	291	364	291	501	1113	1603	977	1510	1146	1456	901	1149	1384	1245	876	1057
gene_1761	173	274	221	200	190	208	49	49	48	47	65	59	82	98	52	78	64	52
gene_1762	142	121	107	97	61	131	392	436	425	333	484	620	406	441	200	326	271	256
gene_1763	128	110	107	87	86	150	18	26	18	24	33	18	23	33	33	33	34	46
gene_1764	220	119	137	130	186	225	479	794	637	619	709	705	424	500	467	555	338	546
gene_1765	79	88	76	99	68	88	32	27	15	16	24	21	42	35	33	40	26	24
gene_1766	572	528	422	532	424	494	1855	2373	1545	1611	2729	2156	1846	1653	1951	2188	1684	1493
gene_1767	114	64	85	75	61	137	18	25	18	18	27	38	17	40	25	39	21	46
gene_1768	301	256	230	257	332	430	1121	1134	1240	1125	1663	1767	1128	972	955	1354	662	951
gene_1769	181	250	174	106	161	207	35	31	29	32	63	59	49	75	76	75	51	41
gene_1770	246	191	196	152	105	210	488	708	405	506	741	832	502	341	413	615	353	594
gene_1771	602	623	530	439	652	516	112	222	114	108	198	193	139	239	171	335	206	247
gene_1772	679	514	631	471	683	1009	2051	3039	1986	3047	3764	3014	1822	2263	1584	1840	1507	1670
gene_1773	191	157	183	164	153	207	66	45	46	41	52	64	61	77	64	65	51	77
gene_1774	621	504	462	395	397	613	1253	2069	1556	1836	2674	1521	1315	1458	1351	1492	1273	1409
gene_1775	109	99	84	146	93	137	18	26	22	24	39	32	22	42	29	48	30	31
gene_1776	463	437	418	434	319	500	1519	1584	1098	1381	1962	2217	1290	1556	1153	1742	1026	1268
gene_1777	529	643	771	405	505	622	140	158	105	134	162	135	186	167	192	195	154	186
gene_1778	313	290	271	207	191	382	1280	1117	860	1476	1417	1139	712	1026	1072	1066	734	857
gene_1779	240	279	248	171	199	294	44	60	45	55	80	66	71	56	77	74	51	77
gene_1780	672	565	598	487	515	719	2454	2570	2187	2342	3075	2940	1918	2172	1918	2549	1468	2301
gene_1781	306	284	329	216	208	279	60	74	61	45	59	70	119	109	100	108	55	93
gene_1782	513	368	447	414	212	523	1340	1741	1191	1332	1805	1469	1248	1547	964	1577	902	1155
gene_1783	208	186	224	155	228	310	39	72	54	30	60	63	79	65	50	101	80	81
gene_1784	243	199	155	114	185	200	808	944	686	848	772	911	608	582	426	858	306	592
gene_1785	160	87	121	114	123	162	19	27	17	34	41	28	63	36	35	45	40	47
gene_1786	211	369	213	234	245	415	1155	1246	752	1155	1694	1599	721	782	801	867	671	813
gene_1787	52	76	98	63	72	105	14	15	8	22	20	33	26	17	23	23	29	34
gene_1788	336	423	476	261	431	537	1358	1857	1318	1910	1556	1918	1203	1386	1145	1434	1075	1105
gene_1789	224	324	251	207	257	309	63	98	69	53	94	92	102	136	79	98	100	107
gene_1790	198	207	197	239	169	226	575	856	561	521	814	753	503	606	479	893	395	508
gene_1791	147	131	173	115	133	160	25	44	23	19	41	32	50	54	64	64	53	35
gene_1792	346	283	419	349	239	473	1465	1161	1121	825	1764	984	940	1113	1077	1250	1192	950
gene_1793	238	238	250	190	194	241	41	58	42	54	58	70	69	79	74	84	76	56
gene_1794	433	431	512	422	363	520	1466	1918	1148	1392	2216	2700	1643	1196	1552	1281	1101	1442
gene_1795	338	310	377	322	283	457	85	53	70	80	123	148	128	173	101	162	147	111
gene_1796	134	96	134	100	100	141	319	616	325	245	646	461	274	272	269	314	350	368
gene_1797	219	206	168	186	212	310	35	41	50	52	67	55	60	84	82	72	82	68
gene_1798	218	190	258	213	196	267	909	789	834	617	1127	1008	767	714	657	635	471	555
gene_1799	445	511	705	570	452	830	151	168	115	132	178	148	219	197	181	218	170	239
gene_1800	218	161	230	144	187	319	709	1031	590	897	930	978	564	831	906	882	610	962
gene_1801	141	125	110	113	126	144	89	130	87	99	101	120	137	139	99	126	81	101
gene_1802	282	220	185	189	197	262	173	187	144	178	249	234	159	194	152	236	247	274
gene_1803	805	646	613	468	690	961	558	836	713	587	1137	1010	1019	721	523	705	793	814
gene_1804	754	799	817	868	574	1051	649	1188	820	593	692	924	830	1062	666	961	775	629
gene_1805	329	246	394	220	139	394	233	314	167	218	248	567	258	313	299	309	236	298
gene_1806	154	91	170	120	127	212	104	173	133	104	223	160	136	155	170	158	119	153
gene_1807	380	411	443	326	471	545	409	433	371	309	499	589	424	386	369	463	372	472
gene_1808	199	171	239	220	182	320	160	172	139	254	240	207	166	199	203	272	187	180
gene_1809	110	104	127	110	99	171	121	122	59	96	179	167	113	89	109	172	86	82
gene_1810	164	134	124	124	138	170	135	106	106	97	180	155	174	150	145	160	126	115
gene_1811	215	151	240	188	194	226	158	195	172	140	395	240	245	208	186	188	168	198
gene_1812	227	327	261	296	186	333	258	264	184	237	416	328	245	343	266	350	268	341
gene_1813	821	691	703	640	647	1271	597	800	699	623	765	1382	803	995	839	845	539	690
gene_1814	97	141	178	126	120	159	142	88	108	111	164	178	118	145	142	167	127	175
gene_1815	336	320	386	294	369	320	207	324	228	244	376	356	280	344	264	412	343	207
gene_1816	94	72	82	58	79	124	99	84	58	71	149	124	90	90	98	105	59	68
gene_1817	125	71	97	107	93	109	65	104	55	62	156	87	70	110	53	166	88	113
gene_1818	145	187	224	225	197	351	152	190	96	140	213	276	197	205	197	239	149	159
gene_1819	482	323	400	365	466	514	431	434	341	405	496	375	360	477	377	412	396	395
gene_1820	288	393	407	372	382	515	362	432	305	340	455	467	438	406	306	621	429	451
gene_1821	305	214	232	228	243	290	183	273	182	212	307	310	180	291	224	258	209	242
gene_1822	225	175	198	178	145	221	151	165	105	119	182	236	204	228	195	234	165	194
gene_1823	288	238	282	233	283	397	225	366	288	272	407	324	311	427	264	340	268	310
gene_1824	239	193	254	172	182	301	212	151	174	178	263	287	210	270	177	291	162	252
gene_1825	232	187	146	209	168	294	253	193	143	203	195	249	212	174	205	221	151	177
gene_1826	88	108	65	73	89	73	68	86	45	58	104	97	101	114	88	105	61	95
gene_1827	100	98	86	89	96	144	103	104	96	113	113	124	90	124	108	128	84	114
gene_1828	290	247	194	187	212	322	207	223	132	167	261	212	236	255	156	353	194	218
gene_1829	368	371	361	416	379	617	377	443	230	369	463	378	399	368	487	492	311	402
gene_1830	538	602	577	558	447	958	476	740	342	457	925	671	603	851	541	661	452	603
gene_1831	887	821	575	628	521	1397	605	779	656	631	943	1089	612	950	665	1153	588	938
gene_1832	425	412	371	286	340	465	357	499	284	267	506	435	429	386	437	450	346	434
gene_1833	426	376	430	354	358	336	274	328	191	243	395	436	396	303	477	313	350	313
gene_1834	167	180	154	183	122	235	130	149	117	228	215	166	171	168	153	199	130	192
gene_1835	326	326	257	266	307	571	212	359	283	218	439	357	332	355	280	430	246	329
gene_1836	332	311	377	317	345	433	285	313	269	292	365	544	316	367	310	471	245	337
gene_1837	133	65	128	93	77	116	65	108	83	72	161	127	124	87	112	92	124	118
gene_1838	552	549	687	493	490	839	395	742	638	393	753	733	694	715	611	692	607	537
gene_1839	768	523	656	410	415	793	324	364	385	513	537	728	384	463	465	700	272	619
gene_1840	528	383	378	321	279	351	333	443	300	425	388	452	237	469	411	500	452	300
gene_1841	328	402	307	358	272	556	271	447	342	316	455	495	473	465	355	386	296	288
gene_1842	154	177	185	117	172	277	154	223	171	195	191	253	194	195	159	204	140	156
gene_1843	626	640	547	697	654	644	656	590	456	486	826	775	516	552	536	761	646	809
gene_1844	238	295	294	232	220	267	300	264	186	251	303	352	269	227	182	265	238	265
gene_1845	323	330	360	412	317	397	336	340	249	287	381	489	333	423	377	321	269	409
gene_1846	206	224	278	241	233	296	240	244	173	260	488	309	232	261	242	261	249	217
gene_1847	846	795	1021	574	870	1070	696	823	545	571	968	1325	917	761	672	948	687	990
gene_1848	60	93	129	75	83	130	88	147	84	99	135	129	95	88	53	148	98	118
gene_1849	256	226	204	177	211	247	217	198	139	260	232	226	274	230	184	229	161	221
gene_1850	388	257	373	254	248	620	380	203	214	158	397	446	392	323	316	497	224	300
gene_1851	991	712	1059	723	552	1001	789	1004	755	777	1215	633	825	865	516	776	587	748
gene_1852	119	219	164	158	159	211	121	204	127	172	143	197	142	182	148	194	65	176
gene_1853	175	240	133	173	212	288	143	191	76	143	223	249	222	230	121	191	136	159
gene_1854	641	603	770	735	526	931	514	786	432	680	1074	722	492	657	916	1053	393	728
gene_1855	612	356	533	269	414	847	404	548	502	477	790	766	626	467	452	529	376	502
gene_1856	295	252	305	225	243	332	277	429	344	277	409	394	361	263	275	347	289	440
gene_1857	91	111	111	92	82	119	100	118	70	108	98	138	84	75	100	121	88	102
gene_1858	127	124	169	134	84	213	104	125	113	100	247	150	114	151	89	175	97	117
gene_1859	117	106	85	103	87	102	71	117	55	50	121	156	92	127	86	127	74	81
gene_1860	364	263	408	310	300	308	343	325	270	258	360	461	290	408	282	433	291	310
gene_1861	319	305	414	385	267	467	347	356	229	338	431	483	370	261	319	361	281	332
gene_1862	162	136	108	99	92	242	113	135	71	141	151	151	97	158	90	133	105	154
gene_1863	110	188	188	218	163	189	132	179	129	151	169	260	246	148	136	237	146	191
gene_1864	230	196	220	179	154	165	163	166	112	130	223	287	180	236	198	216	151	179
gene_1865	450	471	493	392	415	657	271	479	415	392	729	592	552	400	385	510	404	525
gene_1866	933	673	943	821	713	915	416	882	661	414	782	1453	840	764	605	790	509	622
gene_1867	153	175	171	130	119	247	114	175	123	134	193	270	202	224	137	173	114	172
gene_1868	217	188	236	237	159	270	208	234	198	183	296	276	320	265	235	269	168	220
gene_1869	201	154	196	137	141	158	151	187	129	134	257	185	129	168	133	171	133	218
gene_1870	140	117	149	152	129	177	131	197	125	101	121	199	130	164	135	213	127	158
gene_1871	180	145	130	108	111	179	154	123	89	104	189	213	162	116	128	175	155	189
gene_1872	662	476	515	471	420	707	421	478	438	450	489	644	474	813	478	718	570	417
gene_1873	268	269	261	198	246	335	237	191	183	156	352	265	201	259	240	333	223	247
gene_1874	109	66	78	80	91	102	76	89	49	90	108	113	109	102	66	108	89	85
gene_1875	108	118	100	102	107	128	80	98	60	87	127	106	83	85	106	102	92	144
gene_1876	231	190	231	159	201	226	190	244	166	102	293	248	175	280	279	142	165	239
gene_1877	742	621	775	488	550	912	546	593	441	451	993	796	611	740	692	610	608	674
gene_1878	741	568	775	469	859	980	583	769	460	672	1062	748	737	775	776	801	709	701
gene_1879	122	119	194	191	133	206	121	157	118	116	229	170	154	138	146	212	113	128
gene_1880	523	386	565	543	431	578	413	430	290	657	760	628	456	605	525	470	492	526
gene_1881	658	415	708	514	485	635	522	518	425	346	621	543	533	560	672	788	481	495
gene_1882	234	227	203	186	176	338	218	278	160	175	322	344	217	229	223	225	137	239
gene_1883	250	262	311	395	264	459	274	385	299	291	416	387	355	303	344	492	275	379
gene_1884	181	187	137	124	123	186	122	156	154	116	149	184	163	170	150	221	134	167
gene_1885	266	242	272	332	275	408	232	304	221	164	276	305	227	290	271	362	208	272
gene_1886	625	802	591	729	451	813	638	684	523	616	747	596	650	697	778	960	558	758
gene_1887	101	194	134	144	116	174	91	115	128	124	193	171	81	141	157	203	98	143
gene_1888	120	161	125	125	125	171	136	194	96	110	184	248	132	248	103	165	143	163
gene_1889	482	504	450	432	416	644	332	476	420	406	408	658	376	619	429	676	365	562
gene_1890	783	765	530	611	585	856	562	778	390	512	1008	958	399	656	531	678	546	605
gene_1891	153	119	125	115	106	170	80	106	111	60	207	161	113	163	113	132	120	125
gene_1892	80	112	88	112	85	181	86	108	91	84	147	125	133	98	133	123	76	150
gene_1893	627	628	693	620	424	907	518	731	469	441	908	1272	631	689	520	1092	615	756
gene_1894	294	215	254	203	217	316	255	264	171	215	288	257	244	204	292	223	220	202
gene_1895	68	108	90	83	86	109	74	76	53	93	115	113	89	114	134	141	75	83
gene_1896	663	776	579	722	530	926	750	712	406	814	699	810	930	758	551	704	672	597
gene_1897	246	169	269	175	209	257	205	292	166	244	257	244	259	272	259	301	170	303
gene_1898	559	561	403	431	508	560	260	607	356	303	444	427	396	468	351	509	374	353
gene_1899	564	569	574	456	571	934	391	654	533	345	766	515	375	750	583	618	573	454
gene_1900	266	181	223	114	182	418	187	214	203	153	219	338	211	248	208	253	130	195
gene_1901	116	106	101	119	118	158	101	145	122	106	128	168	152	121	114	139	118	107
gene_1902	367	312	489	323	255	339	427	375	296	282	512	366	404	485	365	414	294	344
gene_1903	422	326	325	216	275	458	302	345	240	303	346	418	425	302	313	533	244	307
gene_1904	481	412	375	411	404	616	443	548	354	314	514	515	531	523	372	623	494	478
gene_1905	314	262	302	312	319	384	249	317	342	310	352	463	229	364	365	336	350	346
gene_1906	70	88	81	64	60	115	94	53	71	99	138	110	87	75	92	96	55	75
gene_1907	567	459	429	469	289	731	303	552	308	399	569	391	443	652	413	524	493	639
gene_1908	356	317	373	338	328	600	272	390	243	306	388	472	244	405	341	544	298	462
gene_1909	103	122	105	112	83	136	75	127	91	98	156	159	139	131	79	164	78	163
gene_1910	66	72	98	62	89	122	66	108	66	61	96	121	92	104	65	77	90	120
gene_1911	227	190	222	205	174	273	245	280	185	172	352	260	178	282	193	244	171	265
gene_1912	234	219	240	182	173	226	146	175	175	175	185	224	202	151	213	220	131	179
gene_1913	461	691	671	535	505	747	393	555	367	561	572	794	561	618	577	704	346	592
gene_1914	344	401	350	277	338	565	335	328	501	345	375	422	393	405	361	455	307	337
gene_1915	198	116	128	159	118	189	91	153	89	100	174	163	163	149	105	245	121	152
gene_1916	604	578	499	449	404	824	460	467	300	480	597	661	617	491	513	384	371	723
gene_1917	631	636	639	527	360	748	483	577	405	611	628	709	844	700	570	772	440	558
gene_1918	453	512	704	473	407	650	435	685	453	527	596	490	397	514	468	556	335	343
gene_1919	126	211	146	165	168	254	158	237	161	173	215	206	214	140	187	257	130	161
gene_1920	755	575	507	626	417	810	369	543	378	445	676	844	557	523	721	558	504	484
gene_1921	227	254	293	156	223	376	196	205	171	195	321	328	179	260	151	390	142	294
gene_1922	307	255	239	194	218	409	231	373	236	220	288	515	318	324	316	395	281	320
gene_1923	201	206	139	161	112	182	140	155	118	183	178	204	150	159	119	177	132	180
gene_1924	236	192	225	143	166	239	128	250	185	209	223	297	257	266	249	245	199	268
gene_1925	443	472	481	322	482	375	264	441	299	265	500	531	455	516	284	422	487	395
gene_1926	129	134	147	114	83	199	125	178	134	94	169	197	77	131	140	187	153	228
gene_1927	350	290	266	230	427	299	265	232	173	222	316	374	251	324	263	376	200	268
gene_1928	262	168	200	131	207	229	133	162	146	141	214	256	155	190	146	224	146	170
gene_1929	671	837	924	674	951	1195	471	813	571	568	1303	1018	652	862	889	1343	766	935
gene_1930	233	452	412	480	263	514	262	450	231	312	438	395	323	302	389	360	389	437
gene_1931	681	569	739	522	451	872	348	649	474	390	659	1039	516	570	447	540	435	563
gene_1932	572	759	707	708	589	828	626	856	623	686	926	771	707	576	755	1073	757	893
gene_1933	741	681	664	791	791	995	1144	704	608	582	1081	953	815	1030	650	1058	697	1030
gene_1934	256	166	214	206	215	205	187	206	126	204	391	215	259	269	212	307	208	229
gene_1935	818	560	718	605	651	922	681	916	552	617	1160	906	643	901	751	1091	565	1093
gene_1936	447	462	486	322	485	524	404	450	302	408	584	623	465	524	386	488	319	493
gene_1937	868	761	946	740	499	1106	555	753	635	355	872	814	809	641	582	928	484	739
gene_1938	363	356	308	227	207	360	166	457	196	272	293	303	204	351	290	403	256	356
gene_1939	175	190	234	167	159	226	187	179	148	137	185	182	203	203	183	161	166	169
gene_1940	282	355	315	326	300	387	271	312	322	295	498	338	267	280	268	423	284	246
gene_1941	113	108	190	125	110	185	122	189	139	146	160	211	186	199	156	167	165	136
gene_1942	749	590	677	622	599	761	489	643	537	630	810	804	655	995	606	713	780	827
gene_1943	147	135	121	146	147	178	88	194	81	141	178	216	139	129	118	125	112	132
gene_1944	312	511	411	456	393	778	332	452	437	364	464	682	472	664	385	760	382	558
gene_1945	177	133	162	125	156	204	111	227	111	60	208	239	210	124	113	227	116	166
gene_1946	757	621	529	424	699	746	512	675	513	469	698	845	630	720	693	661	506	606
gene_1947	371	352	350	227	252	404	241	365	292	184	274	402	300	278	300	235	204	279
gene_1948	462	345	370	362	366	509	341	479	265	303	702	544	303	454	463	587	330	399
gene_1949	198	230	287	245	276	229	222	253	206	174	313	279	201	204	191	260	157	248
gene_1950	123	208	181	172	146	265	131	119	117	116	184	141	187	158	141	188	141	179
gene_1951	682	641	632	595	503	535	520	583	504	665	769	825	730	510	442	749	669	689
gene_1952	104	96	96	89	119	143	82	100	97	61	134	107	96	146	83	128	98	149
gene_1953	517	443	376	477	564	926	425	680	433	359	728	489	621	530	438	465	445	607
gene_1954	320	258	331	286	239	334	315	350	291	242	305	386	263	293	273	471	288	296
gene_1955	97	97	73	84	79	137	103	80	61	60	115	138	112	126	95	84	62	74
gene_1956	152	133	137	147	107	193	80	93	119	86	189	157	127	149	183	207	109	141
gene_1957	578	563	623	542	583	772	468	573	556	533	812	695	566	905	644	754	399	483
gene_1958	696	742	727	721	650	951	655	617	595	444	946	863	542	609	658	1033	639	875
gene_1959	134	96	135	80	106	168	83	141	104	115	139	148	135	129	132	131	85	118
gene_1960	725	590	906	554	792	947	554	855	668	453	1069	1010	1114	624	696	824	483	700
gene_1961	153	119	129	88	126	191	128	192	127	137	146	187	116	137	155	252	145	122
gene_1962	1043	579	952	711	605	1430	661	925	499	626	1095	994	828	914	651	779	726	812
gene_1963	658	528	520	539	547	906	643	501	545	501	576	923	708	689	854	632	553	637
gene_1964	283	259	195	185	211	388	299	329	136	211	289	300	229	191	280	325	201	283
gene_1965	304	202	263	219	251	308	205	249	157	210	310	284	196	252	209	258	265	315
gene_1966	218	140	196	247	166	275	224	206	131	185	302	240	224	236	192	298	143	245
gene_1967	603	438	577	421	318	501	348	561	426	428	436	470	465	578	404	454	480	536
gene_1968	161	146	160	129	156	181	107	118	128	115	149	132	150	118	146	211	151	163
gene_1969	186	206	214	240	197	247	185	247	148	215	394	274	222	245	220	292	191	196
gene_1970	149	178	195	156	88	255	121	166	167	127	192	203	147	153	154	224	141	203
gene_1971	198	101	92	106	132	124	76	155	74	106	155	169	94	135	126	138	160	121
gene_1972	239	395	300	221	303	426	268	410	252	224	354	347	277	330	288	294	259	315
gene_1973	282	254	271	233	167	361	155	228	189	213	275	325	262	355	225	331	184	244
gene_1974	96	94	89	71	104	110	73	115	82	77	117	94	98	103	110	89	82	117
gene_1975	327	365	314	312	272	302	326	327	270	298	340	454	334	477	408	380	260	290
gene_1976	458	414	397	431	281	411	413	491	309	340	475	368	394	387	488	439	352	435
gene_1977	452	399	440	386	388	496	377	396	328	335	386	451	509	514	277	507	478	494
gene_1978	90	112	95	79	81	97	60	94	88	86	127	91	121	110	109	104	67	114
gene_1979	188	171	136	124	175	197	161	211	154	162	207	191	211	178	138	253	137	131
gene_1980	300	294	304	182	177	271	166	318	222	243	300	346	267	291	228	355	194	236
gene_1981	107	90	84	80	83	163	87	94	71	88	157	114	164	129	124	161	99	124
gene_1982	177	166	217	191	147	260	158	206	137	168	228	187	134	193	167	205	150	146
gene_1983	613	856	1326	919	589	1015	697	956	625	960	874	664	753	876	663	885	733	803
gene_1984	394	273	308	232	249	383	198	265	215	196	337	390	283	353	328	316	229	306
gene_1985	318	234	245	264	267	362	222	253	287	236	324	418	283	234	257	266	271	238
gene_1986	175	163	147	156	138	175	135	191	155	141	173	214	179	151	142	197	107	130
gene_1987	759	829	754	730	871	1049	558	771	652	680	962	879	648	871	702	875	659	656
gene_1988	550	421	384	781	559	429	387	634	405	481	794	627	579	525	407	827	470	459
gene_1989	769	591	892	604	617	709	600	721	527	503	851	755	822	951	498	1155	642	641
gene_1990	212	210	313	178	224	242	175	305	196	205	275	280	247	210	277	273	254	238
gene_1991	895	634	1040	855	1046	851	822	937	473	644	867	922	736	979	794	993	893	754
gene_1992	139	136	152	153	132	160	127	111	100	126	203	174	122	179	112	143	67	152
gene_1993	565	478	482	436	387	873	523	464	391	361	750	625	375	478	450	638	478	426
gene_1994	200	163	260	123	138	212	135	180	160	103	198	249	165	181	157	292	185	170
gene_1995	227	123	183	142	195	173	130	216	106	154	239	285	132	153	174	146	149	176
gene_1996	500	492	546	363	524	730	416	480	367	328	755	502	501	669	495	523	479	508
gene_1997	82	86	146	116	78	177	110	115	93	63	102	150	66	127	88	151	90	113
gene_1998	97	173	151	111	119	202	120	228	115	158	162	184	145	176	165	163	139	184
gene_1999	98	73	91	87	73	118	92	100	90	72	115	108	85	81	64	92	68	120
gene_2000	603	505	579	399	477	643	320	433	340	370	621	536	543	581	445	600	423	537
gene_2001	559	503	682	451	459	757	534	756	606	349	785	695	569	740	539	556	647	597
gene_2002	140	157	156	141	125	183	118	146	89	110	162	129	170	171	117	148	124	144
gene_2003	280	293	326	318	335	369	200	340	322	298	453	453	438	260	372	442	321	292
gene_2004	417	372	416	479	397	661	359	439	315	469	454	576	497	594	214	627	472	441
gene_2005	127	98	127	96	76	176	81	127	126	99	159	194	122	143	104	165	92	114
gene_2006	213	195	170	197	153	200	194	168	175	123	221	233	185	195	235	168	133	200
gene_2007	83	113	87	90	84	165	72	76	91	63	109	105	87	110	68	105	95	70
gene_2008	862	605	562	673	477	769	534	595	500	521	896	906	542	734	670	728	480	601
gene_2009	268	224	325	216	235	366	188	244	297	253	255	299	277	312	221	331	245	286
gene_2010	242	448	301	251	315	474	338	360	273	235	459	501	340	387	256	320	211	350
gene_2011	544	493	352	376	466	664	363	430	437	368	460	542	398	366	362	413	340	569
gene_2012	115	75	86	78	70	129	113	90	80	45	88	121	64	88	102	66	88	78
gene_2013	440	483	617	527	565	609	454	815	422	379	682	527	465	608	601	695	633	573
gene_2014	175	193	178	163	175	301	210	256	158	184	270	247	271	222	221	285	211	160
gene_2015	882	505	811	475	597	889	806	826	470	573	831	797	578	756	517	672	576	789
gene_2016	405	388	302	338	372	472	336	393	328	346	490	424	397	413	431	537	338	414
gene_2017	431	307	622	299	351	552	345	388	356	410	425	420	367	264	304	479	284	364
gene_2018	768	808	803	807	582	1168	620	1183	640	590	1123	1288	897	1040	607	1055	683	785
gene_2019	219	232	194	254	212	369	210	216	223	145	219	366	169	263	193	261	145	183
gene_2020	770	716	693	760	534	1005	582	719	553	543	832	815	550	536	551	777	483	619
gene_2021	179	129	173	182	141	273	157	165	162	153	234	216	196	199	136	179	124	175
gene_2022	771	460	737	856	603	747	712	840	582	548	633	619	783	705	836	871	409	615
gene_2023	119	106	93	129	82	119	129	107	106	92	119	138	108	115	121	115	87	100
gene_2024	290	340	385	309	223	325	216	308	253	224	277	396	323	411	293	329	297	237
gene_2025	738	529	496	615	524	929	616	583	487	475	660	611	739	650	467	955	641	759
gene_2026	774	465	637	652	704	946	446	517	443	409	812	869	557	830	615	760	672	586
gene_2027	775	524	620	623	580	782	589	822	363	440	763	831	709	702	626	757	502	591
gene_2028	657	657	619	354	513	967	488	584	343	478	767	842	627	594	490	701	526	624
gene_2029	155	132	140	186	130	143	129	154	131	94	207	162	188	109	134	168	153	156
gene_2030	439	310	418	231	324	497	250	353	255	211	352	350	296	386	311	360	209	417
gene_2031	190	168	173	192	192	239	208	125	181	182	268	254	170	193	165	175	162	189
gene_2032	119	115	74	91	97	133	102	79	74	71	137	104	90	83	57	159	107	156
gene_2033	359	395	419	433	367	632	296	528	419	319	583	615	392	459	464	576	478	527
gene_2034	265	169	239	186	202	280	204	186	182	194	287	226	214	232	141	297	192	270
gene_2035	210	191	266	167	200	227	134	192	177	208	209	249	141	219	237	211	119	217
gene_2036	408	820	562	574	615	915	536	629	200	379	700	860	639	572	468	888	465	762
gene_2037	194	196	163	146	179	191	138	226	154	117	205	193	193	206	125	187	166	203
gene_2038	311	245	246	262	243	457	178	262	206	246	330	425	291	258	271	304	354	243
gene_2039	365	394	472	429	504	710	387	573	329	513	581	610	414	398	372	551	546	502
gene_2040	512	527	439	422	470	442	453	344	297	303	690	547	469	556	356	424	392	563
gene_2041	564	528	566	452	325	542	338	394	452	436	604	562	426	549	479	509	424	477
gene_2042	470	391	326	521	419	568	297	323	256	371	545	683	523	366	366	622	500	331
gene_2043	318	332	413	281	231	373	213	323	226	257	350	211	318	363	325	360	295	292
gene_2044	474	576	677	463	650	810	524	540	349	386	823	784	570	454	489	529	515	588
gene_2045	302	243	340	289	360	405	277	320	283	217	329	381	347	223	420	453	221	309
gene_2046	527	446	538	403	489	519	367	553	445	419	476	600	280	532	371	572	318	478
gene_2047	306	157	232	141	147	296	141	171	164	148	188	271	225	243	222	251	178	251
gene_2048	677	664	649	589	770	802	492	700	494	491	853	1167	702	717	704	729	686	811
gene_2049	104	128	134	84	121	158	112	157	79	100	170	132	126	160	90	228	92	97
gene_2050	502	345	450	281	365	406	305	417	331	334	504	409	362	297	404	538	403	353
gene_2051	109	96	83	75	51	119	84	53	55	94	131	106	99	126	82	107	91	111
gene_2052	411	392	440	477	471	591	364	640	388	522	494	624	395	442	409	525	326	471
gene_2053	381	357	538	399	259	404	249	421	281	366	323	447	394	385	392	380	274	340
gene_2054	213	175	154	141	176	194	154	147	117	105	135	197	137	204	204	182	146	158
gene_2055	679	679	541	532	527	753	606	541	559	514	902	571	544	622	658	817	594	609
gene_2056	672	555	563	527	504	1025	500	663	365	457	643	848	579	700	567	828	591	506
gene_2057	315	421	445	330	354	477	338	383	242	320	567	429	412	424	258	305	387	352
gene_2058	501	458	488	368	428	767	346	428	440	392	512	550	333	582	405	531	343	406
gene_2059	109	133	79	139	105	171	103	106	132	81	124	136	110	107	144	159	85	126
gene_2060	200	128	135	128	183	227	144	243	132	125	200	206	143	246	156	190	122	200
gene_2061	272	175	181	157	143	315	182	186	104	128	225	195	177	171	188	172	129	202
gene_2062	451	322	221	209	210	391	276	296	241	268	485	403	374	300	295	335	249	310
gene_2063	392	282	469	389	302	414	299	325	389	227	518	542	321	460	310	579	265	447
gene_2064	131	99	95	153	115	176	89	107	71	110	133	148	160	129	88	112	83	109
gene_2065	565	653	776	689	596	938	606	654	535	578	638	706	484	810	472	616	501	706
gene_2066	505	367	359	338	407	414	281	548	308	302	514	520	372	460	299	410	246	454
gene_2067	191	155	159	120	178	282	143	233	148	125	247	235	108	210	159	160	130	185
gene_2068	773	729	748	513	789	1110	858	685	572	659	942	831	691	859	958	881	668	795
gene_2069	78	99	64	68	65	96	67	72	80	76	111	148	70	55	93	94	70	59
gene_2070	98	113	112	133	77	119	96	94	80	75	151	134	94	114	110	168	99	86
gene_2071	90	86	65	88	90	162	84	93	84	80	116	125	97	120	102	146	77	124
gene_2072	523	465	419	379	374	611	426	494	378	417	607	592	403	440	341	737	357	485
gene_2073	119	95	173	98	120	186	94	140	81	101	119	155	105	115	94	123	100	99
gene_2074	207	315	180	183	141	312	277	304	161	185	228	298	225	273	185	327	189	164
gene_2075	189	241	154	159	150	232	155	251	183	187	236	265	279	241	184	268	138	266
gene_2076	305	243	250	171	250	280	265	358	223	218	285	360	222	377	265	213	279	263
gene_2077	230	136	211	195	156	302	175	170	187	251	215	277	263	214	226	263	258	181
gene_2078	423	298	437	241	299	456	319	400	233	269	432	502	396	351	334	380	336	345
gene_2079	590	555	656	620	464	957	690	714	436	724	798	721	711	581	637	716	514	694
gene_2080	761	801	706	706	689	1195	672	969	443	500	674	804	701	736	463	736	578	696
gene_2081	303	239	303	263	176	218	282	243	153	131	281	243	219	313	249	246	173	170
gene_2082	595	563	661	536	459	737	482	672	610	551	1012	849	649	458	665	796	532	525
gene_2083	576	561	721	530	491	969	486	489	477	433	801	974	612	399	405	610	412	583
gene_2084	157	154	142	179	131	209	141	181	130	131	232	181	138	88	161	192	108	187
gene_2085	101	78	137	128	124	148	104	120	134	90	138	126	150	104	98	156	150	139
gene_2086	130	102	136	104	138	187	105	189	118	96	162	132	94	163	96	132	94	141
gene_2087	498	370	470	378	497	581	367	426	337	436	680	645	458	652	517	488	382	568
gene_2088	117	137	81	102	90	115	74	106	67	83	102	115	92	82	92	97	73	117
gene_2089	235	245	198	183	156	297	206	296	147	183	292	197	185	295	241	253	140	157
gene_2090	588	441	539	553	500	510	436	580	493	376	909	647	581	658	512	896	583	660
gene_2091	179	152	279	152	123	247	140	150	161	151	167	186	178	180	139	247	158	239
gene_2092	411	475	310	396	264	418	386	437	272	304	383	573	393	515	328	458	274	418
gene_2093	674	769	863	668	915	1084	582	914	584	582	832	1292	639	805	755	1061	575	872
gene_2094	116	141	127	105	111	113	104	131	79	92	124	202	141	87	130	155	99	105
gene_2095	103	97	116	91	100	182	81	119	85	93	129	135	98	122	125	147	129	130
gene_2096	566	667	492	470	531	750	552	564	383	540	677	791	501	652	438	586	704	558
gene_2097	205	197	217	209	237	234	195	194	127	149	240	213	235	149	226	204	198	215
gene_2098	108	99	149	119	111	153	86	102	101	106	111	116	113	115	101	99	83	93
gene_2099	79	67	71	64	111	123	67	95	67	63	99	89	112	116	77	103	67	106
gene_2100	133	131	185	168	125	155	74	149	87	137	182	161	112	105	122	127	118	142
zero_gene	0	0	0	0	0	0	0	0	0	0	0	0	0	0	0	0	0	0
